Z7 PBS1 K-line event energies | method1 | 1917 events over 30 series, 290 skipped (missing trace or NRMSE > 0.2)
fitted-pulse closed form: mean 284.79 eV, sigma 42.44 eV (14.90%), median 295.46 eV
official-window raw:      mean 284.20 eV, sigma 43.11 eV (15.17%), median 294.57 eV

          series    event  E_fit[eV]  E_rawwin[eV]   NRMSE  t_r[us]  t_f[us]
 24260617_063934    30646      305.2         300.5   0.049      136      213
 24260617_063934    30724      243.4         240.7   0.076       97      307
 24260617_063934    30764      318.6         331.0   0.049      126      231
 24260617_063934    30828      301.5         298.5   0.041      118      227
 24260617_063934    40040      246.0         227.0   0.051      164      169
 24260617_063934    40295      264.0         255.3   0.055       99      285
 24260617_063934    40488      352.2         345.3   0.035       67      258
 24260617_063934    40518      345.8         355.4   0.036      143      166
 24260617_063934    40552      381.0         365.4   0.036       84      280
 24260617_063934    40560      261.0         257.8   0.051      101      257
 24260617_063934    40613      424.1         436.9   0.031       63      280
 24260617_063934    40620      256.5         261.5   0.050      163      168
 24260617_063934    40714      299.0         301.3   0.043      102      228
 24260617_063934    40751      325.9         330.8   0.039      106      239
 24260617_063934    50174      304.3         300.2   0.054       83      336
 24260617_063934    50283      230.8         241.2   0.057      159      173
 24260617_063934    50396      475.7         478.9   0.024       78      246
 24260617_063934    50481      272.5         276.0   0.052      145      215
 24260617_063934    60162      184.4         174.5   0.071      114      242
 24260617_063934    60163      206.0         206.2   0.064      130      219
 24260617_063934    60490      266.4         253.9   0.048      164      168
 24260617_063934    60556      298.5         284.9   0.041      111      221
 24260617_063934    60706      274.4         279.2   0.045      123      210
 24260617_063934    60827      275.7         279.2   0.045      135      191
 24260617_063934    70013      347.1         336.9   0.036       69      271
 24260617_063934    70227      372.1         376.2   0.032       86      226
 24260617_063934    70412      260.3         257.2   0.051      133      219
 24260617_063934    70458      415.0         418.1   0.025       52      245
 24260617_063934    70530      248.5         225.4   0.057      117      244
 24260617_063934    70569      378.8         374.7   0.029       49      263
 24260617_063934    70596      290.2         276.5   0.047      129      222
 24260617_063934    70677      245.4         243.7   0.052      150      188
 24260617_063934    70781      304.4         295.6   0.050      114      278
 24260617_063934    80339      297.6         297.9   0.049      107      278
 24260617_063934    80351      302.3         307.8   0.047      105      261
 24260617_063934    80551      221.1         218.6   0.058      158      162
 24260617_063934    80730      241.2         235.4   0.054      118      227
 24260617_063934    80753      463.2         469.9   0.027       90      224
 24260617_063934    90109      325.7         323.0   0.041      118      216
 24260617_063934    90384      327.7         326.7   0.043      125      225
 24260617_063934    90435      265.6         254.9   0.051       85      285
 24260617_063934    90600      340.8         336.8   0.043      102      284
 24260617_063934   100231      448.1         447.8   0.029       77      259
 24260617_063934   100354      419.6         416.3   0.030       68      255
 24260617_063934   100402      339.7         333.4   0.036       85      238
 24260617_063934   100420      300.2         298.9   0.048      101      268
 24260617_063934   100507      390.6         381.2   0.033       84      248
 24260617_063934   100532      408.6         396.4   0.034       63      293
 24260617_063934   100700      280.0         280.8   0.044      138      185
 24260617_063934   100773      295.3         286.0   0.047      109      241
 24260617_063934   100818      418.9         416.1   0.029       60      258
 24260617_063934   110090      253.3         241.2   0.050      162      166
 24260617_063934   110319      447.2         443.1   0.025       62      246
 24260617_063934   110351      263.3         255.7   0.054       93      279
 24260617_063934   110648      145.4         162.7   0.080      100      186
 24260617_063934   110736      290.8         290.9   0.049      103      258
 24260617_063934   120220      389.6         391.4   0.037       76      293
 24260617_063934   120368      426.1         417.1   0.028      106      225
 24260617_063934   120471      270.4         249.7   0.049      116      240
 24260617_063934   120495      419.7         421.5   0.027       49      253
 24260617_063934   130170      355.2         339.5   0.043      100      260
 24260617_063934   130375      393.0         385.5   0.034       70      277
 24260617_063934   130455      341.5         345.8   0.041       80      258
 24260617_063934   130691      328.5         331.5   0.041      108      218
 24260617_063934   130705      290.7         288.0   0.043       97      233
 24260617_063934   130759      291.8         305.0   0.049      131      200
 24260617_063934   140000      416.2         404.5   0.037       85      245
 24260617_063934   140069      233.6         237.9   0.056      115      224
 24260617_063934   140196      263.3         272.4   0.052      163      168
 24260617_063934   140525      290.8         287.3   0.046      119      230
 24260617_063934   140610      296.2         295.3   0.044      120      221
 24260617_063934   150023      264.6         267.2   0.051      125      219
 24260617_063934   150076      323.0         314.2   0.042       95      254
 24260617_063934   150251      224.1         208.9   0.059      127      231
 24260617_063934   150280      178.1         182.2   0.075      121      215
 24260617_063934   150324      212.4         200.7   0.069      127      228
 24260617_063934   150625      227.2         224.6   0.064      108      250
 24260617_063934   150688      446.7         430.0   0.026       56      254
 24260617_063934   150701      717.3         712.9   0.020       54      310
 24260617_063934   160231      262.9         263.7   0.051      124      220
 24260617_063934   160277      317.3         305.9   0.043      124      219
 24260617_063934   160368      232.9         230.0   0.057      161      170
 24260617_063934   160520      227.9         222.5   0.062      109      251
 24260617_063934   160701      298.0         293.1   0.045      157      170
 24260617_063934   170116      242.0         226.7   0.052      160      164
 24260617_063934   170376      440.9         441.7   0.027       59      250
 24260617_063934   170505      423.8         407.6   0.027       45      261
 24260617_063934   170511      231.1         233.1   0.055      152      168
 24260617_063934   170525      280.3         267.1   0.055       97      279
 24260617_063934   170529      312.3         306.4   0.043       90      259
 24260617_063934   170773      193.5         200.6   0.068      106      242
 24260617_063934   180351      347.4         344.4   0.034       95      229
 24260617_063934   180392      197.8         201.6   0.066      162      166
 24260617_063934   180426      254.4         253.2   0.051      124      213
 24260617_063934   180538      273.5         281.4   0.049      163      167
 24260617_063934   180715      253.6         252.3   0.052      118      230
 24260617_063934   190020      388.5         385.8   0.037       76      288
 24260617_063934   190030      274.7         270.5   0.051      163      169
 24260617_063934   190092      277.7         286.0   0.048       98      227
 24260617_063934   190113      336.9         339.0   0.043      109      242
 24260617_063934   190148      261.4         266.0   0.054      139      212
 24260617_063934   190544      229.5         232.3   0.060      126      225
 24260617_063934   190695      351.1         330.0   0.040      109      235
 24260617_063934   190715      344.0         348.8   0.041       75      233
 24260617_063934   190753      276.5         276.9   0.060       98      299
 24260617_063934   190802      287.1         265.3   0.053       96      314
 24260617_063934   200100      319.0         311.5   0.039       78      270
 24260617_063934   200226      376.6         373.0   0.033       58      276
 24260617_063934   200259      285.0         292.1   0.044      139      185
 24260617_063934   200556      315.3         318.5   0.039      100      223
 24260617_063934   200560      314.7         310.5   0.044      108      256
 24260617_063934   200768      352.1         363.0   0.035       84      233
 24260617_063934   210042      339.7         332.6   0.043       98      267
 24260617_063934   210104      259.4         242.1   0.049      165      170
 24260617_063934   210221      391.4         377.4   0.037       78      283
 24260617_063934   210265      322.6         326.9   0.042       88      249
 24260617_063934   210297      252.0         240.1   0.050      137      192
 24260617_063934   210389      376.6         364.5   0.038       64      316
 24260617_063934   210508      269.3         269.0   0.051      118      220
 24260617_063934   210571      277.3         258.8   0.054      122      241
 24260617_063934   210623      247.1         236.7   0.056      131      220
 24260617_063934   210732      273.0         269.7   0.052      109      246
 24260617_063934   210791      222.1         224.1   0.060      157      176
 24260617_063934   210846      266.2         265.1   0.048      157      179
 24260617_063934   220009      241.7         241.7   0.067      166      170
 24260617_063934   220086      234.7         231.9   0.057      112      233
 24260617_063934   220100      252.3         242.9   0.056      120      232
 24260617_063934   220166      287.5         288.6   0.047      122      221
 24260617_063934   220341      240.9         242.3   0.052      148      184
 24260617_063934   220390      282.7         294.6   0.051      127      217
 24260617_063934   220414      258.7         253.1   0.055      136      221
 24260617_063934   220424      242.3         234.8   0.057      131      224
 24260617_063934   220478      237.2         234.0   0.062       92      288
 24260617_063934   220694      257.7         252.0   0.050      141      200
 24260617_063934   220772      391.7         393.7   0.037       85      270
 24260617_063934   220827      453.2         450.3   0.025       65      237
 24260617_063934   230195      233.6         232.1   0.062      175      180
 24260617_063934   230585      257.9         257.0   0.049      140      192
 24260617_063934   230592      291.0         280.8   0.054       94      307
 24260617_063934   230684      250.6         242.3   0.059      164      169
 24260617_063934   230719      367.5         361.7   0.032       71      247
 24260617_063934   230847      265.5         261.6   0.047      165      175
 24260617_063934   240085      244.4         243.4   0.053      166      171
 24260617_063934   240166      264.1         274.2   0.049      158      163
 24260617_063934   240222      267.1         263.1   0.052      121      227
 24260617_063934   240228      203.6         192.8   0.068      103      249
 24260617_063934   240447      354.4         360.5   0.038      103      256
 24260617_063934   240513      266.1         268.2   0.047      132      193
 24260617_063934   240527      234.6         224.4   0.069      116      220
 24260617_063934   240632      374.8         373.2   0.035       75      267
 24260617_063934   240694      270.1         260.4   0.048      100      218
 24260617_063934   240824      231.0         228.3   0.056      164      168
 24260617_175849    30450      299.6         299.2   0.044       94      276
 24260617_175849    30665      352.1         351.1   0.033       78      254
 24260617_175849    30822      446.5         441.6   0.023       46      269
 24260617_175849    40081      288.0         284.8   0.044       96      256
 24260617_175849    40263      240.6         231.9   0.050      154      187
 24260617_175849    40292      320.9         313.1   0.040      129      240
 24260617_175849    40314      280.3         281.1   0.044      111      236
 24260617_175849    40333      309.8         306.7   0.037       87      240
 24260617_175849    40499      226.4         221.4   0.053      122      217
 24260617_175849    40551      610.1         611.8   0.016       70      221
 24260617_175849    40569      641.8         602.7   0.025       59      403
 24260617_175849    40609      345.2         328.1   0.033       85      253
 24260617_175849    40632      300.0         299.6   0.042      114      235
 24260617_175849    40685      313.2         305.9   0.041      122      232
 24260617_175849    40740      235.6         241.1   0.055      135      214
 24260617_175849    40814      286.0         299.1   0.049      115      254
 24260617_175849    50075      441.1         444.5   0.025       93      231
 24260617_175849    50523      344.3         345.2   0.031       85      229
 24260617_175849    50662      267.5         256.6   0.048      114      251
 24260617_175849    50834      299.9         287.9   0.042       89      276
 24260617_175849    60079      249.0         260.5   0.049      125      226
 24260617_175849    60089      220.3         232.9   0.058      118      221
 24260617_175849    60118      251.8         251.4   0.048      112      234
 24260617_175849    60136      226.8         220.9   0.052      133      214
 24260617_175849    60879      490.1         485.0   0.020       37      248
 24260617_175849    80146      309.8         310.3   0.042      105      251
 24260617_175849    80210      260.5         269.9   0.046      162      167
 24260617_175849    80299      228.6         225.8   0.054      131      220
 24260617_175849    80371      435.3         437.2   0.028       71      273
 24260617_175849    80423      457.1         447.5   0.020       38      254
 24260617_175849    80492      274.4         284.2   0.047      131      212
 24260617_175849    80650      442.1         424.3   0.025       43      254
 24260617_175849    80672      430.2         436.4   0.024       53      253
 24260617_175849    80837      273.9         283.0   0.046       77      275
 24260617_175849    90020      331.1         323.2   0.034       90      238
 24260617_175849    90223      210.4         205.4   0.060      164      169
 24260617_175849    90309      409.8         419.4   0.026       91      235
 24260617_175849    90492      367.2         365.6   0.036       87      262
 24260617_175849    90655      207.7         211.0   0.059      125      225
 24260617_175849    90686      299.6         303.0   0.039      106      235
 24260617_175849   100192      305.1         299.5   0.048      117      248
 24260617_175849   100531      228.8         233.7   0.048      159      163
 24260617_175849   100588      278.6         273.4   0.048      103      258
 24260617_175849   100791      255.1         256.3   0.050      101      273
 24260617_175849   110020      236.9         233.6   0.053      146      200
 24260617_175849   110147      645.9         639.6   0.018       74      232
 24260617_175849   110512      277.5         278.6   0.050      114      259
 24260617_175849   110517      252.5         253.3   0.051      166      170
 24260617_175849   110545      221.0         227.9   0.055      168      173
 24260617_175849   110676      297.9         299.9   0.038      117      209
 24260617_175849   110687      344.4         340.6   0.036       82      275
 24260617_175849   120147      221.8         230.3   0.057      140      200
 24260617_175849   120196      465.9         468.0   0.019       31      238
 24260617_175849   120543      337.0         335.1   0.037       98      268
 24260617_175849   120703      297.7         300.3   0.045       82      301
 24260617_175849   120800      377.6         377.4   0.036       92      290
 24260617_175849   130040      335.8         338.1   0.041      103      276
 24260617_175849   130070      354.2         354.8   0.032       70      258
 24260617_190838    30802      229.3         229.0   0.054      123      224
 24260617_190838    30846      302.1         308.2   0.038      125      210
 24260617_190838    40117      259.9         264.4   0.045      165      169
 24260617_190838    40120      270.9         266.8   0.049       95      293
 24260617_190838    40339      302.4         304.0   0.041      123      216
 24260617_190838    40473      360.0         361.1   0.034      102      245
 24260617_190838    40591      328.1         323.4   0.038      115      240
 24260617_190838    40670      225.6         225.4   0.054      167      172
 24260617_190838    40752      246.6         253.2   0.046      155      175
 24260617_190838    40774      202.2         203.6   0.059      147      194
 24260617_190838    50116      274.8         277.8   0.039       94      244
 24260617_190838    50344      324.9         333.1   0.034      123      181
 24260617_190838    50386      318.7         328.1   0.040       98      259
 24260617_190838    50633      344.2         331.9   0.036       90      259
 24260617_190838    50740      232.4         234.5   0.051      124      216
 24260617_190838    50761      219.2         214.5   0.053      103      255
 24260617_190838    50834      283.5         286.1   0.042      100      254
 24260617_190838    60333      290.9         293.9   0.040      126      204
 24260617_190838    60427      434.4         420.9   0.027       78      246
 24260617_190838    60502      299.7         282.1   0.042      100      262
 24260617_190838    60539      580.2         571.6   0.020       72      277
 24260617_190838    60568      317.7         313.7   0.038      107      224
 24260617_190838    60580      284.3         286.0   0.042      112      239
 24260617_190838    60835      327.0         321.1   0.038       98      259
 24260617_190838    60872      321.2         324.6   0.033      107      209
 24260617_190838    70153      246.0         243.0   0.051      110      248
 24260617_190838    70372      264.7         264.0   0.052      113      267
 24260617_190838    70875      368.9         378.0   0.033       83      261
 24260617_190838    80126      392.1         394.7   0.026       57      251
 24260617_190838    80430      228.4         210.8   0.053       99      245
 24260617_190838    80594      378.2         384.7   0.030       80      253
 24260617_190838    80764      446.2         441.2   0.022       59      243
 24260617_190838    90049      268.4         282.9   0.049       79      274
 24260617_190838    90056      484.5         495.3   0.026       71      283
 24260617_190838    90368      373.2         362.9   0.029       69      264
 24260617_190838    90559      217.2         222.5   0.056      160      164
 24260617_190838    90712      412.5         403.9   0.031       83      277
 24260617_190838    90830      257.5         252.7   0.052      100      264
 24260617_190838   100108      464.3         448.7   0.026       71      276
 24260617_190838   100141      355.6         352.1   0.030       45      257
 24260617_190838   100197      359.0         372.9   0.033       89      238
 24260617_190838   100741      243.8         233.5   0.048      159      163
 24260617_190838   100794      274.9         277.6   0.047      125      235
 24260617_190838   110048      326.1         326.4   0.047       87      299
 24260617_190838   110084      291.8         302.0   0.044      123      231
 24260617_190838   110233      242.7         250.3   0.051      160      164
 24260617_190838   110326      293.8         284.8   0.040      116      227
 24260617_190838   110387      302.5         306.0   0.043      120      235
 24260617_190838   110439      298.1         296.7   0.039      120      226
 24260617_190838   110447      301.8         303.6   0.041      136      204
 24260617_190838   110548      233.0         231.3   0.064       86      323
 24260617_190838   110792      337.4         335.4   0.035       92      240
 24260617_190838   110908      364.9         356.4   0.030       67      256
 24260617_190838   120069      318.1         319.5   0.043      117      251
 24260617_190838   120109      698.8         708.6   0.016       58      237
 24260617_190838   120192      344.9         343.3   0.036       88      258
 24260617_190838   120437      350.9         345.9   0.037      100      258
 24260617_190838   120492      269.7         268.0   0.044      119      223
 24260617_190838   120567      467.8         486.3   0.023       61      246
 24260617_190838   120682      311.5         295.7   0.036       89      246
 24260617_190838   130258      377.4         383.6   0.032       57      274
 24260617_190838   130400      277.6         277.6   0.044      116      255
 24260617_190838   130627      195.1         194.8   0.066      122      219
 24260617_190838   130821      236.9         227.2   0.057       96      292
 24260617_190838   140188      355.1         353.8   0.035       93      236
 24260617_190838   140192      285.0         289.2   0.038      103      224
 24260617_190838   140254      355.0         343.7   0.035       96      256
 24260617_190838   140262      175.4         164.6   0.074      105      255
 24260617_190838   140386      249.6         252.2   0.048      105      235
 24260617_190838   140703      317.7         313.7   0.039       99      262
 24260617_190838   140729      272.7         275.2   0.044      164      168
 24260617_190838   140745      314.6         317.8   0.040      120      224
 24260617_190838   150232      348.8         336.3   0.037       83      269
 24260617_190838   150329      263.0         257.9   0.042      161      168
 24260617_190838   150427      261.0         273.2   0.052      132      208
 24260617_190838   150615      298.2         300.4   0.040      105      229
 24260617_190838   150785      276.9         274.9   0.049      113      239
 24260617_190838   150852      335.7         325.2   0.038      111      238
 24260617_190838   150880      492.3         482.2   0.020       33      269
 24260617_190838   160241      264.9         257.6   0.051      106      269
 24260617_190838   160356      297.8         297.1   0.047      114      232
 24260617_190838   160389      378.0         373.1   0.029      105      234
 24260617_190838   160396      415.0         414.3   0.024       64      237
 24260617_190838   160523      377.2         374.5   0.030       79      237
 24260617_190838   160632      276.7         273.2   0.040      161      165
 24260617_190838   160830      443.3         433.6   0.022       48      255
 24260617_190838   160841      203.8         201.2   0.057      155      167
 24260617_190838   160844      356.6         369.0   0.032       94      227
 24260617_190838   160886      282.4         268.6   0.045      113      216
 24260617_190838   170058      274.4         266.6   0.044      160      165
 24260617_190838   170125      711.8         698.0   0.014       38      277
 24260617_190838   170183      328.0         327.1   0.034       90      237
 24260617_190838   170215      228.4         217.9   0.049      163      167
 24260617_190838   170360      360.6         362.6   0.028       78      234
 24260617_190838   170637      314.0         318.4   0.036       93      256
 24260617_190838   170691      252.7         259.0   0.051      153      200
 24260617_190838   170852      285.2         301.1   0.044      167      179
 24260617_190838   180000      605.5         608.8   0.016       53      225
 24260617_190838   180028      282.5         274.2   0.047       93      283
 24260617_190838   180260      260.4         266.7   0.046      138      199
 24260617_190838   180331      367.3         347.7   0.028       73      242
 24260617_190838   180334      589.0         584.8   0.023       98      260
 24260617_190838   180441      319.6         314.6   0.041      108      259
 24260617_190838   180504      324.3         324.3   0.038       88      271
 24260617_190838   180566      256.4         243.9   0.050      116      248
 24260617_190838   180569      380.8         374.7   0.031       62      295
 24260617_190838   180571      277.3         276.9   0.039      144      171
 24260617_190838   190036      577.2         582.0   0.017       72      220
 24260617_190838   190132      338.5         340.5   0.037       97      249
 24260617_190838   190164      424.0         433.0   0.031       60      267
 24260617_190838   190320      308.5         306.9   0.036       94      252
 24260617_190838   190465      255.2         262.4   0.043      158      162
 24260617_190838   190497      339.0         331.1   0.031       86      235
 24260617_190838   190658      237.5         239.1   0.054      107      257
 24260617_190838   190705      319.0         316.4   0.039      128      228
 24260617_190838   190712      408.1         397.2   0.025       70      237
 24260617_190838   190764      412.5         410.6   0.027       53      270
 24260617_190838   190846      472.8         475.4   0.021       37      263
 24260617_190838   190876      284.9         294.8   0.041      152      177
 24260617_190838   200033      441.3         425.4   0.026       89      256
 24260617_190838   200192      326.8         329.6   0.042       59      293
 24260617_190838   200848      330.0         325.7   0.036       88      254
 24260617_190838   200892      242.8         247.6   0.050      171      175
 24260617_190838   200915      247.7         245.1   0.052      106      260
 24260617_190838   210093      387.0         387.9   0.029       88      240
 24260617_190838   210390      220.0         208.1   0.054      118      223
 24260617_190838   210420      388.3         384.8   0.027       67      246
 24260617_190838   210498      290.5         305.5   0.050      107      269
 24260617_190838   210500      260.1         249.7   0.047      101      255
 24260617_190838   210601      291.7         302.8   0.045      130      228
 24260617_190838   210978      397.4         406.5   0.035       96      242
 24260617_190838   220006      353.9           9.2   0.040       71      272
 24260617_190838   220234      292.3         289.8   0.042      103      246
 24260617_190838   220256      342.3         340.9   0.032       97      230
 24260617_190838   220267      369.7         376.3   0.032       79      267
 24260617_190838   220419      213.7         223.4   0.063      104      266
 24260617_190838   220558      299.4         300.7   0.040      170      174
 24260617_190838   230133      401.9         398.0   0.029       68      271
 24260617_190838   230343      343.5         344.2   0.035      119      227
 24260617_190838   230673      218.9         211.7   0.056      134      218
 24260617_190838   230717      282.8         273.5   0.046      109      241
 24260617_190838   230863      239.2         235.9   0.050      117      220
 24260617_190838   230975      410.5         408.2   0.027       80      246
 24260617_190838   240153      253.0         243.9   0.047      108      237
 24260617_190838   240215      208.2         203.0   0.052       68      276
 24260617_190838   240267      297.0         306.7   0.046      111      246
 24260617_190838   240345      326.2         321.9   0.035      104      227
 24260617_190838   240518      535.0         537.8   0.019       32      249
 24260617_190838   240562      322.6         331.2   0.034       90      231
 24260617_190838   240764      301.7         309.3   0.037      103      225
 24260617_190838   240933      320.6         327.9   0.038      122      227
 24260617_190838   250052      422.4         419.1   0.028       72      262
 24260617_190838   250235      278.4         275.3   0.044      129      207
 24260617_190838   250701      308.4         305.5   0.037       90      248
 24260617_190838   250705      322.2         314.5   0.039       89      270
 24260617_190838   250829      295.8         294.9   0.037       94      235
 24260617_190838   251022      287.8         291.9   0.043      102      250
 24260617_190838   260424      289.2         295.0   0.040       97      225
 24260617_190838   260972      281.6         280.9   0.044      105      257
 24260617_190838   261404      421.4         416.0   0.029       79      273
 24260617_190838   261497      376.0         372.2   0.028       75      230
 24260617_190838   261610      320.0         317.8   0.036      115      222
 24260617_190838   261652      396.7         394.9   0.024       60      251
 24260617_234805    30525      274.0         283.0   0.045      116      238
 24260617_234805    30618      398.8         391.5   0.032       73      295
 24260617_234805    30655      265.7         262.6   0.045      163      167
 24260617_234805    30739      479.4         477.3   0.020       42      254
 24260617_234805    40187      235.9         236.3   0.050      164      169
 24260617_234805    40289      370.5         361.3   0.031       83      243
 24260617_234805    40374      434.9         444.4   0.022       43      237
 24260617_234805    40391      283.8         284.7   0.043       99      231
 24260617_234805    40600      407.9         403.2   0.025       53      250
 24260617_234805    40614      329.7         331.6   0.036      101      238
 24260617_234805    40722      332.9         323.7   0.033       84      236
 24260617_234805    50011      259.7         254.9   0.045      168      172
 24260617_234805    50098      339.3         341.8   0.037      105      248
 24260617_234805    50134      292.3         285.9   0.050      118      239
 24260617_234805    50237      268.2         275.5   0.039      124      197
 24260617_234805    50540      222.9         213.2   0.050       68      276
 24260617_234805    50719      403.8         397.7   0.028       58      269
 24260617_234805    60124      305.9         308.5   0.037      110      215
 24260617_234805    60428      293.5         298.0   0.041      165      169
 24260617_234805    60543      345.9         344.2   0.036       82      282
 24260617_234805    60712      278.8         271.1   0.045       82      283
 24260617_234805    60742      223.0         216.0   0.052       97      245
 24260617_234805    60811      445.9         436.2   0.026       64      281
 24260617_234805    60851      305.5         310.2   0.042      109      247
 24260617_234805    70010      365.2         369.6   0.032      103      231
 24260617_234805    70115      346.1         345.7   0.032      100      229
 24260617_234805    70182      263.0         252.6   0.041      120      196
 24260617_234805    70428      275.8         272.9   0.042      136      199
 24260617_234805    70622      402.7         408.5   0.030       72      273
 24260617_234805    80020      249.8         254.4   0.051      149      190
 24260617_234805    80026      245.2         250.7   0.049      126      205
 24260617_234805    80323      303.1         309.7   0.040      127      199
 24260617_234805    80565      329.3         321.1   0.036       91      249
 24260617_234805    80716      300.4         299.5   0.040      111      227
 24260617_234805    80971      340.8         338.9   0.037      109      233
 24260617_234805    80989      306.6         304.8   0.044       97      267
 24260617_234805    90116      249.9         251.7   0.048      159      163
 24260617_234805    90132      244.8         239.7   0.047      162      166
 24260617_234805    90178      257.4         245.2   0.048      135      204
 24260617_234805    90569      268.3         267.6   0.046      111      231
 24260617_234805    90753      321.4         325.4   0.029       34      266
 24260617_234805    90781      312.4         320.8   0.040      103      237
 24260617_234805   100018      413.7         400.2   0.028      114      204
 24260617_234805   100052      213.7         206.8   0.056      166      171
 24260617_234805   100167      220.9         229.0   0.056      121      209
 24260617_234805   100290      443.5         445.3   0.022       49      239
 24260617_234805   100317      242.5         244.3   0.050      167      175
 24260617_234805   100612      296.3         281.7   0.044      101      276
 24260617_234805   100630      252.0         254.3   0.046      156      160
 24260617_234805   100814      424.5         411.7   0.027       54      280
 24260617_234805   100982      255.4         256.6   0.053      107      256
 24260617_234805   110206      308.0         306.7   0.051       89      310
 24260617_234805   110318      230.6         232.9   0.053      166      172
 24260617_234805   110383      357.5         352.5   0.035      116      229
 24260617_234805   110579      303.1         301.5   0.038      105      226
 24260617_234805   110661      343.4         339.2   0.035       67      286
 24260617_234805   120010      262.3         265.4   0.046      165      169
 24260617_234805   120049      264.0         260.6   0.050      123      238
 24260617_234805   120100      263.8         268.9   0.055      114      233
 24260617_234805   120125      215.8         208.3   0.056      101      254
 24260617_234805   120263      348.3         344.6   0.033       94      236
 24260617_234805   120811      286.9         283.9   0.040       98      241
 24260617_234805   130130      304.9         293.0   0.039      106      242
 24260617_234805   130139      405.9         402.1   0.027       94      247
 24260617_234805   130430      236.2         232.8   0.052      169      173
 24260617_234805   130668      250.2         248.8   0.044      160      167
 24260617_234805   130805      324.3         326.5   0.033      116      202
 24260617_234805   130932      205.7         214.8   0.064       95      281
 24260617_234805   130965      439.3         442.5   0.021       46      250
 24260617_234805   131058      249.1         242.2   0.045      166      173
 24260617_234805   131108      390.0         377.3   0.027       81      248
 24260617_234805   131202      284.3         277.4   0.043      124      223
 24260617_234805   140001      384.6         386.5   0.026       66      236
 24260617_234805   140242      355.6         348.2   0.033       88      259
 24260617_234805   140265      214.9         222.9   0.056      128      228
 24260617_234805   140390      456.5         446.9   0.022       53      259
 24260617_234805   140717      342.3         331.1   0.035       99      259
 24260617_234805   140767      298.4         309.8   0.043      120      234
 24260617_234805   140804      305.5         320.1   0.036      108      219
 24260617_234805   150141      273.2         275.3   0.043      164      174
 24260617_234805   150396      263.4         258.0   0.047      106      253
 24260617_234805   150423      303.7         299.7   0.039      104      243
 24260617_234805   150748      286.4         299.2   0.039       82      226
 24260617_234805   150788      284.3         282.2   0.038      121      196
 24260617_234805   150789      267.1         260.1   0.049       91      286
 24260617_234805   160387      226.4         224.5   0.054      164      168
 24260617_234805   160697      314.2         307.8   0.039      118      244
 24260617_234805   160802      241.9         242.1   0.049      147      203
 24260618_013000    30703      279.7         274.2   0.043      122      208
 24260618_013000    30808      373.7         357.3   0.026       56      238
 24260618_013000    40264      243.2         239.7   0.045      137      186
 24260618_013000    40403      378.7         387.9   0.031       92      239
 24260618_013000    40906      194.6         194.7   0.072      104      253
 24260618_013000    50005      257.2         255.2   0.050      124      217
 24260618_013000    50012      356.9         358.1   0.033      124      202
 24260618_013000    50098      393.7         392.5   0.030       85      261
 24260618_013000    50143      196.0         201.0   0.063      168      172
 24260618_013000    50190      301.9         291.9   0.040       99      247
 24260618_013000    50506      293.6         295.4   0.040      155      178
 24260618_013000    50619      288.2         289.7   0.041      130      202
 24260618_013000    60285      311.5         307.5   0.046       99      267
 24260618_013000    60394      316.2         321.6   0.044      107      240
 24260618_013000    60439      315.5         317.5   0.038      125      217
 24260618_013000    60672      283.8         281.1   0.047      100      247
 24260618_013000    60978      248.4         251.4   0.048      128      211
 24260618_013000    60986      332.7         326.4   0.035       81      254
 24260618_013000    70025      278.1         270.1   0.049       92      300
 24260618_013000    70077      340.3         339.9   0.035       86      245
 24260618_013000    70107      214.9         206.2   0.057      116      232
 24260618_013000    70638      194.9         197.3   0.059      160      165
 24260618_013000    71088      370.7         373.3   0.030       91      235
 24260618_013000    80059      351.0         351.1   0.032      112      208
 24260618_013000    80298      349.5         344.7   0.033       90      237
 24260618_013000    80583      248.1         262.0   0.052      113      243
 24260618_013000    80846      481.5         479.5   0.023       66      248
 24260618_013000    80898      327.8         329.7   0.036      108      243
 24260618_013000    81169      386.7         375.8   0.027       67      251
 24260618_013000    90027      242.9         243.4   0.055      115      258
 24260618_013000    90034      267.1         267.9   0.046      167      171
 24260618_013000    90079      297.9         299.1   0.042      108      251
 24260618_013000    90231      273.2         278.5   0.044      128      207
 24260618_013000    90518      413.7         412.7   0.025       53      251
 24260618_013000    90685      331.9         330.5   0.035      109      232
 24260618_013000    90812      237.2         230.1   0.048      169      173
 24260618_013000    90833      251.2         251.1   0.050      128      232
 24260618_013000    90835      461.9         458.6   0.024       87      240
 24260618_013000    91043      240.0         244.5   0.055      147      204
 24260618_013000    91090      259.0         255.4   0.052      121      245
 24260618_013000   100054      248.4         242.9   0.048      108      243
 24260618_013000   100125      338.1         348.0   0.035      126      200
 24260618_013000   100212      287.2         292.0   0.043       99      250
 24260618_013000   100302      190.6         202.7   0.068      168      177
 24260618_013000   100451      280.9         282.0   0.043      107      237
 24260618_013000   100486      290.8         304.0   0.043      113      215
 24260618_013000   100491      337.2         342.4   0.036      125      214
 24260618_013000   100509      380.0         374.7   0.029       72      256
 24260618_013000   100591      239.3         249.9   0.050      168      172
 24260618_013000   100784      274.7         276.6   0.040      125      195
 24260618_013000   101017      382.7         376.5   0.030       63      268
 24260618_013000   101109      397.1         396.6   0.030      102      231
 24260618_013000   110153      301.2         296.8   0.044       99      278
 24260618_013000   110169      262.3         260.7   0.044      155      159
 24260618_013000   110287      291.0         286.7   0.044      106      261
 24260618_013000   110428      375.7         369.4   0.032       69      278
 24260618_013000   110504      298.6         304.9   0.045       87      281
 24260618_013000   120051      332.1         345.1   0.036      123      211
 24260618_013000   120173      369.9         368.8   0.034       88      263
 24260618_013000   120227      332.7         338.4   0.035      155      171
 24260618_013000   120472      449.4         444.4   0.021       45      262
 24260618_013000   121071      310.7         306.6   0.037      141      195
 24260618_013000   130665      258.4         260.1   0.044      103      223
 24260618_013000   130842      342.6         331.9   0.038       76      290
 24260618_013000   130950      331.7         332.4   0.037      104      248
 24260618_013000   140270      222.5         218.7   0.055      106      236
 24260618_013000   140343      378.7         371.4   0.036       90      287
 24260618_013000   140349      250.4         248.9   0.052      112      254
 24260618_013000   140408      212.5         212.4   0.060      170      174
 24260618_013000   140450      302.8         298.8   0.041      125      218
 24260618_013000   140499      495.8         484.4   0.020       57      239
 24260618_013000   140523      316.8         304.0   0.039       86      267
 24260618_013000   140615      445.3         445.7   0.025       87      229
 24260618_013000   140915      312.5         309.9   0.037       92      252
 24260618_013000   140960      324.5         310.9   0.042       91      317
 24260618_013000   150056      379.3         376.8   0.033       63      285
 24260618_013000   150131      508.9         501.7   0.018       43      239
 24260618_013000   150148      255.9         252.2   0.049      134      208
 24260618_013000   160132      284.3         282.4   0.048      116      256
 24260618_013000   160148      274.2         275.7   0.049      111      262
 24260618_013000   160181      294.5         282.4   0.042      103      234
 24260618_013000   160245      233.3         228.6   0.053      160      168
 24260618_013000   160478      543.5         540.6   0.021       75      253
 24260618_013000   160696      304.7         307.5   0.036       92      230
 24260618_062713    30602      191.0         197.7   0.072      161      164
 24260618_062713    30699      244.6         248.1   0.045      129      199
 24260618_062713    30909      247.6         258.4   0.055      157      189
 24260618_062713    40080      321.5         324.1   0.038      100      249
 24260618_062713    40305      340.5         335.8   0.031      100      222
 24260618_062713    40777      240.3         229.9   0.051       77      289
 24260618_062713    41389      394.6         395.9   0.027       67      258
 24260618_062713    50290      427.6         413.1   0.023       56      243
 24260618_062713    51163      204.2         218.7   0.059      168      172
 24260618_062713    51202      354.9         352.3   0.035       71      283
 24260618_062713    51241      455.3         452.8   0.021       45      247
 24260618_062713    51388      257.8         254.5   0.046      110      238
 24260618_062713    60087      221.3         218.1   0.056      128      210
 24260618_062713    60166      224.9         226.7   0.056      102      252
 24260618_062713    60217      310.8         307.1   0.038       88      251
 24260618_062713    60341      290.3         286.4   0.048       95      279
 24260618_062713    60747      239.2         242.3   0.049      162      169
 24260618_062713    61355      322.5         315.6   0.040      113      258
 24260618_062713    61443      269.9         273.9   0.051      117      264
 24260618_062713    61446      390.2         381.8   0.029       73      248
 24260618_062713    70020      280.9         280.6   0.041      151      178
 24260618_062713    70283      343.1         341.0   0.032      117      216
 24260618_062713    70493      321.8         322.4   0.037      108      229
 24260618_062713    70764      270.1         260.2   0.042      118      213
 24260618_062713    70916      358.8         357.2   0.030       77      249
 24260618_062713    71104      215.0         215.7   0.054      137      200
 24260618_062713    71234      325.9         328.3   0.036      111      221
 24260618_062713    80333      304.7         306.2   0.040      139      215
 24260618_062713    81083      259.1         255.7   0.046      126      215
 24260618_062713    81107      330.4         321.8   0.036      130      208
 24260618_062713    81124      439.9         441.1   0.025       61      267
 24260618_062713    81213      239.0         237.5   0.050      160      164
 24260618_062713    81440      469.2         471.6   0.020       37      250
 24260618_062713    81444      303.7         295.9   0.039      101      229
 24260618_062713    90004      307.4         301.7   0.039       98      253
 24260618_062713    90039      220.5         221.2   0.057      127      216
 24260618_062713    90631      191.7         196.3   0.057      161      170
 24260618_062713    90993      283.4         283.4   0.044      124      227
 24260618_062713    91012      345.6         342.5   0.033       85      255
 24260618_062713    91068      219.9         224.4   0.055      127      217
 24260618_062713    91297      263.6         257.6   0.047      112      239
 24260618_062713   100606      482.7         489.1   0.019       35      246
 24260618_062713   100899      339.7         338.1   0.033       90      225
 24260618_062713   100939      403.5         403.6   0.031      116      233
 24260618_062713   101189      289.7         282.8   0.043       94      272
 24260618_062713   101316      274.4         281.0   0.041      136      188
 24260618_062713   101452      260.6         260.1   0.049      119      242
 24260618_062713   101517      295.3         295.7   0.040      115      219
 24260618_062713   110140      279.2         285.7   0.048      119      251
 24260618_062713   110639      246.4         241.5   0.048      137      206
 24260618_062713   110954      269.6         281.0   0.049      141      209
 24260618_062713   110992      281.5         279.4   0.046      113      261
 24260618_062713   111064      370.3         379.5   0.031      122      201
 24260618_062713   111222      402.6         400.3   0.030       85      265
 24260618_062713   111267      342.8         341.3   0.033      122      222
 24260618_062713   111370      521.3         529.0   0.022       68      277
 24260618_062713   111508      258.2         274.8   0.051      145      209
 24260618_062713   111510      281.4         282.0   0.040      127      193
 24260618_062713   111512      255.1         251.6   0.046      108      226
 24260618_062713   120015      275.4         274.3   0.045      135      209
 24260618_073543    30009      493.9         440.1   0.022       36      260
 24260618_073543    31117      239.4         240.6   0.053      130      210
 24260618_073543    31157      222.5         202.5   0.059       98      285
 24260618_073543    40206      307.5         307.4   0.038      100      229
 24260618_073543    40349      205.2         218.5   0.058      167      181
 24260618_073543    40428      279.5         277.7   0.040      111      216
 24260618_073543    40621      276.6         286.7   0.047      102      259
 24260618_073543    40637      406.2         405.7   0.030       93      247
 24260618_073543    41341      511.1         501.3   0.022       97      227
 24260618_073543    50175      335.7         325.9   0.038      121      231
 24260618_073543    50286      301.8         300.6   0.039      113      225
 24260618_073543    50571      273.5         284.4   0.042      127      202
 24260618_073543    50702      236.1         239.6   0.049      130      198
 24260618_073543    50870      195.2         193.7   0.067      100      283
 24260618_073543    50887      360.1         360.0   0.031       73      237
 24260618_073543    51256      234.0         238.9   0.049      123      210
 24260618_073543    51363      247.3         243.9   0.047      130      220
 24260618_073543    60345      278.6         275.0   0.051       90      301
 24260618_073543    60366      336.2         341.6   0.037      112      247
 24260618_073543    60972      214.3         218.0   0.060      134      218
 24260618_073543    61107      262.6         255.7   0.056      150      207
 24260618_073543    61209      296.3         296.6   0.038      163      167
 24260618_073543    61276      372.0         373.7   0.031      107      226
 24260618_073543    61468      130.1         116.9   0.090      161      165
 24260618_073543    61591      231.1         221.6   0.050      143      193
 24260618_073543    70242      303.0         291.0   0.043       98      283
 24260618_073543    70286      235.9         234.2   0.052      154      190
 24260618_073543    70298      227.7         249.0   0.054      100      246
 24260618_073543    70304      251.0         244.7   0.045      131      197
 24260618_073543    70669      267.8         271.6   0.041      138      175
 24260618_073543    70961      343.9         355.6   0.033       93      218
 24260618_073543    71129      223.4         222.9   0.055      171      176
 24260618_073543    71204      233.9         240.1   0.050      165      169
 24260618_073543    71427      332.7         329.9   0.038       97      253
 24260618_073543    80040      228.3         226.9   0.051      166      170
 24260618_073543    80219      334.2         333.9   0.031       77      242
 24260618_073543    80294      226.0         229.2   0.062      103      228
 24260618_073543    80400      262.9         257.1   0.049       94      304
 24260618_073543    80969      246.1         236.8   0.051      122      230
 24260618_073543    81164      239.8         229.9   0.055       94      285
 24260618_073543    81266      304.0         302.7   0.038      160      168
 24260618_073543    81373      285.4         291.8   0.041      113      220
 24260618_073543    81394      261.5         268.4   0.044      112      224
 24260618_073543    90115      272.1         260.9   0.048      101      265
 24260618_073543    90242      325.4         309.5   0.034       88      243
 24260618_073543    90380      567.3         570.0   0.018       57      231
 24260618_073543    90407      306.2         311.0   0.041      132      206
 24260618_073543    90444      202.7         201.5   0.062      112      243
 24260618_073543    91043      305.7         311.3   0.043      107      244
 24260618_073543    91458      310.1         306.9   0.037      159      173
 24260618_073543    91519      320.3         323.7   0.034      111      214
 24260618_073543   100382      369.3         375.1   0.034       92      247
 24260618_073543   100398      301.9         292.6   0.038      114      215
 24260618_073543   100870      467.2         460.5   0.021       42      254
 24260618_073543   101188      285.3         287.7   0.043      107      245
 24260618_073543   101298      434.7         440.9   0.024       45      251
 24260618_073543   110235      287.1         282.2   0.041      132      198
 24260618_073543   110286      355.7         354.0   0.033       82      249
 24260618_073543   110699      345.7         341.5   0.033       99      244
 24260618_073543   110942      367.9         363.8   0.030       87      241
 24260618_073543   110956      533.4         537.7   0.015       38      215
 24260618_073543   111018      257.8         254.0   0.047       99      252
 24260618_073543   111066      651.6         632.9   0.020       80      313
 24260618_073543   111122      258.6         245.2   0.048      112      245
 24260618_073543   120092      396.0         380.0   0.027       69      267
 24260618_073543   120199      481.5         476.2   0.027       69      285
 24260618_073543   120203      227.0         230.3   0.050      160      164
 24260618_073543   120308      426.6         419.2   0.027       86      244
 24260618_073543   120689      274.0         283.8   0.044       97      247
 24260618_073543   120693      315.4         316.2   0.035      107      218
 24260618_073543   120743      213.5         219.6   0.051      155      160
 24260618_073543   130475      400.2         409.1   0.031       62      272
 24260618_073543   130790      301.1         301.9   0.037      126      197
 24260618_073543   131012      279.9         276.8   0.044      113      245
 24260618_073543   131031      308.5         303.0   0.042      111      241
 24260618_073543   131175      212.4         219.7   0.055      107      237
 24260618_073543   131177      390.6         391.7   0.033       94      268
 24260618_073543   131530      337.1         338.8   0.036       85      263
 24260618_073543   140264      299.1         287.7   0.047      116      225
 24260618_073543   140331      680.7         687.9   0.013       56      213
 24260618_073543   140358      344.8         340.5   0.035       87      264
 24260618_073543   140464      354.1         355.4   0.030       81      242
 24260618_073543   140725      358.9         361.9   0.032       82      245
 24260618_073543   141401      337.0         330.8   0.037      117      235
 24260618_073543   150279      260.2         263.8   0.048      109      229
 24260618_073543   150450      304.6         293.7   0.043       99      284
 24260618_073543   150729      431.3         431.8   0.023       48      252
 24260618_073543   150974      267.7         289.3   0.046      132      214
 24260618_073543   151143      374.4         369.7   0.030       82      263
 24260618_073543   151488      302.8         295.6   0.033      113      185
 24260618_073543   151506      331.6         336.1   0.034      112      209
 24260618_073543   160281      252.0         249.1   0.045      161      165
 24260618_073543   160903      411.5         412.7   0.032       94      245
 24260618_073543   161085      212.9         221.9   0.056      113      238
 24260618_073543   161104      284.3         279.2   0.043      113      233
 24260618_073543   161114      343.3         347.8   0.034       86      257
 24260618_073543   161206      475.8         483.9   0.024       69      260
 24260618_202553    70270      288.8         281.7   0.047       97      256
 24260618_202553    70475      183.5         183.8   0.064      151      154
 24260618_202553    80014      313.8         302.4   0.039       91      232
 24260618_202553    80170      304.8         304.9   0.044      106      251
 24260618_202553    80393      333.3         340.3   0.043      119      241
 24260618_202553    80430      343.1         335.4   0.042       85      277
 24260618_202553    90124      280.7         300.2   0.053      130      203
 24260618_202553    90465      482.1         477.5   0.020       39      255
 24260618_202553   100001      303.1         298.2   0.048       79      310
 24260618_202553   100315      244.6         245.3   0.051      137      197
 24260618_202553   100487      505.7         506.9   0.022       48      252
 24260618_202553   110078      364.2         358.6   0.033       82      235
 24260618_202553   110457      256.6         256.2   0.059      109      285
 24260618_202553   120129      289.8         283.5   0.051      106      269
 24260618_202553   130211      407.2         420.0   0.025       49      225
 24260618_202553   130221      301.0         294.3   0.047      116      239
 24260618_202553   130381      375.6         368.3   0.031       59      262
 24260618_202553   130416      217.2         204.6   0.059      121      231
 24260618_202553   140250      285.6         278.9   0.048      121      237
 24260618_202553   140474      260.7         268.1   0.058      111      225
 24260618_202553   150197      373.9         370.1   0.043       90      316
 24260618_202553   150259      181.7         178.2   0.076      102      266
 24260618_202553   160196      235.1         244.4   0.054      164      168
 24260618_202553   160214      241.9         254.1   0.053      163      166
 24260618_202553   170197      254.6         253.3   0.059      172      176
 24260618_202553   170272      317.2         314.4   0.044       99      259
 24260618_202553   170294      362.7         362.1   0.032      103      224
 24260618_202553   170303      312.0         300.8   0.051       86      337
 24260618_202553   170465      239.1         241.5   0.053      163      167
 24260618_202553   170540      389.1         393.3   0.035      115      240
 24260618_202553   180373      179.5         179.7   0.073      143      200
 24260618_202553   190297      333.0         345.6   0.035       77      242
 24260618_202553   190325      282.2         270.4   0.046      139      197
 24260618_202553   190513      297.2         298.9   0.045      131      219
 24260618_202553   200097      261.7         259.3   0.048      108      241
 24260618_202553   200475      256.0         270.8   0.052      137      201
 24260618_202553   210095      244.2         240.5   0.058      137      205
 24260618_202553   210149      333.8         336.8   0.036       85      250
 24260618_202553   210234      278.3         283.8   0.046      131      200
 24260618_202553   210236      264.6         253.8   0.053      109      259
 24260618_202553   210298      299.4         299.4   0.044      117      245
 24260618_202553   210302      252.1         248.1   0.050      143      193
 24260618_202553   210335      418.1         422.2   0.025       47      253
 24260618_202553   210446      225.5         232.5   0.060      157      161
 24260618_202553   210462      435.0         440.7   0.020       28      228
 24260618_202553   220058      302.9         308.4   0.046      166      170
 24260618_202553   220447      314.1         313.7   0.043      115      239
 24260618_202553   220504      194.7         192.9   0.063      120      227
 24260618_202553   230104      287.4         281.2   0.057      105      248
 24260618_202553   230213      278.1         279.7   0.045      131      210
 24260618_202553   240433      409.7         408.6   0.026       46      256
 24260618_202553   250039      460.2         460.5   0.024       73      248
 24260618_202553   250139      357.4         371.8   0.036       85      258
 24260618_202553   250161      245.0         247.7   0.056      118      240
 24260618_202553   250524      328.5         345.7   0.039      151      171
 24260618_202553   260182      260.9         267.0   0.046      110      227
 24260618_202553   260355      274.9         277.4   0.050      139      221
 24260618_202553   270085      251.9         256.6   0.052      145      201
 24260618_202553   270123      358.2         355.2   0.032       98      227
 24260618_202553   270140      261.2         260.8   0.051      114      257
 24260618_202553   270477      414.9         401.5   0.029       63      242
 24260618_202553   270505      231.3         230.7   0.055      119      221
 24260618_202553   280113      261.2         257.8   0.053      111      255
 24260618_202553   280155      431.7         426.3   0.026       48      275
 24260618_202553   280491      280.7         283.1   0.051       85      304
 24260618_202553   300185      333.5         324.5   0.038       79      259
 24260618_202553   300403      326.5         334.8   0.043       87      265
 24260618_202553   300520      324.1         326.2   0.044      110      237
 24260618_202553   300541      383.8         377.5   0.029       82      238
 24260618_202553   330140      368.7         379.4   0.031       81      233
 24260618_202553   330575      300.8         304.3   0.045      117      227
 24260618_202553   340355      236.9         224.9   0.051      164      168
 24260618_202553   380148      364.9         365.5   0.032       70      255
 24260618_202553   380160      404.6         404.7   0.026       56      255
 24260618_202553   390026      376.4         376.5   0.029       98      221
 24260618_202553   400080      326.0         324.0   0.036       89      227
 24260618_202553   400247      361.0         359.1   0.031       62      247
 24260618_202553   420174      389.5         397.3   0.033       59      294
 24260618_202553   420370      246.5         248.5   0.058      118      247
 24260618_202553   430222      305.3         310.2   0.040      145      187
 24260618_202553   440102      352.3         358.6   0.039       91      267
 24260618_202553   440218      243.4         256.6   0.050      113      199
 24260618_202553   440361      257.2         256.0   0.052       90      284
 24260618_202553   440439      369.8         365.2   0.035      109      228
 24260618_202553   460429      295.0         296.4   0.045      113      238
 24260619_023225    30640      297.1         287.9   0.038      131      179
 24260619_023225    30861      257.4         248.5   0.052      107      274
 24260619_023225    40049      385.1         384.4   0.032      100      235
 24260619_023225    40215      411.2         411.3   0.026       58      254
 24260619_023225    40344      405.1         405.0   0.030       88      246
 24260619_023225    40534      225.2         228.8   0.060      128      227
 24260619_023225    40658      321.6         231.0   0.034       88      231
 24260619_023225    41187      310.2         308.6   0.041       91      253
 24260619_023225    41419      433.4         422.0   0.026       51      270
 24260619_023225    50067      407.7         406.1   0.028       60      259
 24260619_023225    50392      277.2         281.0   0.050      149      175
 24260619_023225    50670      252.5         244.0   0.051      128      222
 24260619_023225    50816      278.3         269.5   0.042      118      211
 24260619_023225    50854      266.4         259.7   0.050      120      238
 24260619_023225    51250      237.4         245.6   0.052      145      190
 24260619_023225    60007      381.7         387.9   0.037       75      285
 24260619_023225    60095      233.9         228.9   0.053      111      243
 24260619_023225    60309      313.5         315.4   0.041      101      244
 24260619_023225    60615      699.7         683.6   0.019       61      305
 24260619_023225    60809      312.9         307.3   0.041       99      270
 24260619_023225    70350      254.6         264.7   0.050      132      226
 24260619_023225    70736      228.6         237.8   0.057      144      196
 24260619_023225    71020      293.6         300.8   0.050       92      274
 24260619_023225    71296      302.1         304.1   0.041      108      226
 24260619_023225    71327      277.2         284.3   0.047      129      225
 24260619_023225    80085      332.8         335.0   0.038      105      248
 24260619_023225    80182      330.1         334.5   0.043      102      269
 24260619_023225    80200      353.2         356.4   0.031       92      218
 24260619_023225    80221      264.4         268.6   0.049      119      219
 24260619_023225    80268      237.8         244.2   0.051      139      198
 24260619_023225    80407      339.3         340.0   0.039      104      254
 24260619_023225    80848      275.9         256.7   0.054      102      271
 24260619_023225    80904      266.8         271.8   0.048      149      196
 24260619_023225    80967      282.6         291.6   0.045      139      192
 24260619_023225    81031      281.3         273.1   0.041       99      224
 24260619_023225    90114      338.9         338.5   0.036       78      274
 24260619_023225    90196      326.1         324.3   0.038      115      223
 24260619_023225    90371      381.8         377.2   0.031       50      284
 24260619_023225    91189      273.5         268.7   0.047      105      262
 24260619_023225   100074      181.4         188.8   0.070      172      176
 24260619_023225   100075      290.1         285.7   0.049      118      229
 24260619_023225   100091      438.0         436.6   0.027       75      254
 24260619_023225   100203      260.6         253.5   0.047      128      221
 24260619_023225   100205      257.3         253.8   0.047      120      220
 24260619_023225   100463      266.5         263.4   0.054       90      303
 24260619_023225   100601      375.7         374.5   0.028       72      253
 24260619_023225   100658      465.7         467.0   0.020       32      244
 24260619_023225   100721      464.4         460.0   0.024       82      244
 24260619_023225   100909      281.1         284.9   0.044      157      173
 24260619_023225   101308      280.2         267.0   0.052      102      297
 24260619_023225   110438      305.8         315.6   0.041      132      198
 24260619_023225   110663      298.2         297.0   0.041       93      242
 24260619_023225   110731      328.7         317.6   0.042       88      232
 24260619_023225   110755      205.8         192.0   0.058      160      166
 24260619_023225   110872      276.5         278.3   0.040      154      162
 24260619_023225   120006      289.4         286.1   0.043      147      187
 24260619_023225   120426      449.1         455.2   0.028       80      256
 24260619_023225   121155      271.8         277.8   0.045      128      208
 24260619_023225   130041      221.5         222.9   0.057      110      231
 24260619_023225   130420      246.3         247.1   0.058      122      228
 24260619_023225   140021      264.3         266.3   0.052      145      208
 24260619_023225   140143      263.4         268.0   0.047      160      164
 24260619_023225   140205      227.6         223.3   0.060      139      202
 24260619_023225   140271      182.6         185.1   0.076      126      231
 24260619_023225   140920      325.8         335.8   0.036       98      212
 24260619_023225   141391      347.6         345.5   0.036      103      241
 24260619_023225   141454      262.7         258.5   0.052      143      197
 24260619_023225   150866      202.5         201.1   0.069       95      299
 24260619_023225   151293      296.0         296.6   0.049       97      281
 24260619_023225   160021      267.4         273.0   0.048      145      204
 24260619_023225   160363      314.2         316.1   0.039      101      237
 24260619_023225   160490      369.0         369.6   0.032       94      240
 24260619_023225   160851      311.6         310.5   0.039      106      230
 24260619_023225   160982      264.5         269.0   0.048      100      255
 24260619_023225   161076      349.4         350.9   0.037       95      258
 24260619_061249    31192      270.6         279.9   0.048      108      225
 24260619_061249    40088      279.5         287.2   0.048      166      171
 24260619_061249    40116      360.6         358.8   0.037      119      213
 24260619_061249    40748      250.8         256.1   0.049      163      167
 24260619_061249    40787      547.2         536.1   0.023       74      267
 24260619_061249    40860      345.3         339.0   0.038      108      241
 24260619_061249    41084      366.5         365.7   0.036       80      270
 24260619_061249    50093      261.4         259.4   0.051       91      242
 24260619_061249    50240      245.1         242.3   0.057      134      219
 24260619_061249    50347      294.9         293.3   0.051      102      290
 24260619_061249    50588      319.9         319.1   0.043      117      236
 24260619_061249    50877      230.3         228.2   0.058      111      242
 24260619_061249    50952      255.4         263.3   0.050      164      168
 24260619_061249    60145      257.0         262.5   0.050      164      168
 24260619_061249    60504      352.2         356.8   0.038       92      265
 24260619_061249    60635      266.9         258.8   0.043      102      216
 24260619_061249    60664      295.5         298.1   0.039      131      189
 24260619_061249    60948      357.1         349.7   0.040       76      274
 24260619_061249    61100      232.6         230.6   0.052      160      168
 24260619_061249    61190      227.7         219.5   0.063      113      265
 24260619_061249    70032      232.3         228.1   0.054      154      158
 24260619_061249    70334      245.6         234.4   0.065       92      323
 24260619_061249    70415      324.5         328.9   0.039      110      226
 24260619_061249    70422      303.5         306.6   0.044      118      229
 24260619_061249    70519      298.7         295.8   0.045      153      201
 24260619_061249    70529      375.7         374.4   0.028       65      246
 24260619_061249    70724      264.2         249.6   0.048      128      224
 24260619_061249    71260      497.3         499.6   0.020       35      250
 24260619_061249    80549      230.0         223.6   0.058      131      211
 24260619_061249    80828      465.0         458.7   0.020       34      243
 24260619_061249    80833      387.2         391.3   0.030       96      229
 24260619_061249    90366      359.9         356.3   0.042       65      273
 24260619_061249    90405      331.9         317.6   0.049       94      263
 24260619_061249    90672      330.5         321.2   0.044      100      268
 24260619_061249    90878      259.8         255.6   0.050      106      243
 24260619_061249    91042      248.7         250.9   0.054      105      258
 24260619_061249   100366      297.6         297.2   0.039       91      237
 24260619_061249   100381      253.9         248.6   0.045       75      266
 24260619_061249   100485      389.6         400.4   0.032       91      252
 24260619_061249   100526      217.9         225.8   0.057      164      169
 24260619_061249   100806      351.1         347.7   0.036      116      221
 24260619_061249   100992      408.7         411.2   0.028       77      250
 24260619_061249   101072      173.9         170.8   0.074      143      199
 24260619_061249   110048      384.4         393.0   0.032       78      266
 24260619_061249   110600      317.0         307.2   0.039      131      196
 24260619_061249   110845      303.0         308.8   0.041      164      168
 24260619_061249   120187      244.8         245.6   0.052      162      166
 24260619_061249   120309      179.9         180.1   0.065      109      219
 24260619_061249   120445      273.1         280.0   0.051      104      249
 24260619_061249   120467      308.8         289.7   0.043       81      251
 24260619_061249   120505      401.6         403.9   0.026       46      274
 24260619_061249   130310      303.3         301.5   0.045      108      247
 24260619_061249   130451      279.3         278.7   0.051      119      252
 24260619_061249   130457      391.8         393.7   0.034       89      255
 24260619_061249   130486      209.2         215.4   0.063      135      208
 24260619_061249   130558      239.2         250.3   0.051      163      167
 24260619_061249   131375      354.6         367.9   0.040       90      271
 24260619_061249   140162      260.8         263.3   0.051      118      240
 24260619_061249   140432      259.7         255.9   0.050      136      206
 24260619_061249   140648      329.6         326.6   0.039      116      230
 24260619_061249   140783      337.2         331.3   0.038      123      214
 24260619_061249   141070      272.0         285.0   0.051      151      201
 24260619_061249   141255      240.0         240.7   0.048      163      168
 24260619_061249   141286      253.9         240.4   0.053       76      289
 24260619_061249   150072      353.3         338.5   0.034       91      231
 24260619_061249   150259      338.5         331.1   0.039      104      258
 24260619_061249   150575      331.9         330.2   0.041      107      258
 24260619_061249   150628      344.0         337.4   0.032       78      236
 24260619_061249   150828      324.6         314.2   0.040      115      222
 24260619_061249   160002      182.9         185.0   0.092      138      224
 24260619_061249   160092      424.2         421.2   0.024       65      240
 24260619_061249   160222      353.0         349.2   0.039       99      256
 24260619_061249   160411      337.3         341.7   0.035       52      264
 24260619_061249   160576      295.3         301.7   0.045      108      236
 24260619_061249   160642      246.7         242.2   0.052      109      246
 24260619_061249   160669      316.7         308.5   0.040      108      240
 24260619_061249   160691      366.3         362.0   0.033       95      240
 24260619_061249   160919      289.2         299.2   0.045       98      251
 24260619_075448    30537      284.2         283.6   0.044      151      190
 24260619_075448    31128      171.4         163.0   0.071      108      218
 24260619_075448    40042      407.3         399.3   0.029       72      239
 24260619_075448    40571      394.8         389.2   0.029       58      267
 24260619_075448    40621      287.0         278.0   0.042      113      209
 24260619_075448    41059      198.6         192.9   0.069      174      182
 24260619_075448    41191      337.1         343.4   0.037       91      229
 24260619_075448    41227      281.9         287.9   0.047      118      224
 24260619_075448    50150      363.9         366.1   0.034       73      247
 24260619_075448    50511      244.8         249.6   0.053      166      170
 24260619_075448    50687      242.6         239.4   0.048      160      164
 24260619_075448    50904      509.0         503.0   0.025       69      262
 24260619_075448    51046      445.3         447.3   0.024       45      264
 24260619_075448    60187      268.3         277.7   0.053      126      230
 24260619_075448    60190      571.1         572.6   0.018       67      231
 24260619_075448    60311      413.2         407.7   0.028       61      281
 24260619_075448    60430      308.0         302.7   0.041      118      225
 24260619_075448    60517      266.1         264.7   0.050      106      247
 24260619_075448    60623      212.3         208.6   0.057      158      162
 24260619_075448    61171      272.9         272.3   0.045      118      222
 24260619_075448    61184      249.6         251.1   0.052      132      219
 24260619_075448    61266      253.8         256.2   0.058      118      228
 24260619_075448    70021      383.6         375.3   0.029       81      231
 24260619_075448    70450      256.1         265.8   0.052      122      215
 24260619_075448    70907      379.1         384.7   0.035      106      227
 24260619_075448    71162      291.2         287.7   0.059       91      281
 24260619_075448    80413      209.9         216.1   0.065      107      243
 24260619_075448    80441      800.6         783.0   0.015       45      283
 24260619_075448    80568      270.0         263.8   0.053       99      278
 24260619_075448    80585      179.9         168.5   0.079      164      168
 24260619_075448    80638      262.4         256.5   0.045      119      208
 24260619_075448    81298      271.3         267.9   0.045       95      245
 24260619_075448    90122      289.5         293.3   0.048      111      212
 24260619_075448    90147      294.2         294.4   0.044      110      233
 24260619_075448    90490      348.0         349.5   0.037      107      224
 24260619_075448    90563      312.5         297.6   0.049       90      288
 24260619_075448    90645      314.4         331.3   0.044      104      266
 24260619_075448    90697      304.4         300.1   0.046       98      264
 24260619_075448    91013      372.6         372.0   0.030       74      241
 24260619_075448    91033      276.8         278.3   0.048      114      247
 24260619_075448    91089      284.9         280.4   0.059       97      296
 24260619_075448    91253      363.4         367.0   0.034       92      236
 24260619_075448    91401      292.9         298.4   0.041      102      222
 24260619_075448   100483      332.5         341.5   0.038      128      212
 24260619_075448   100823      273.1         263.5   0.050      124      227
 24260619_075448   100916      303.2         309.3   0.041      118      216
 24260619_075448   100973      294.4         300.5   0.043      120      218
 24260619_075448   110151      240.6         231.9   0.053       93      263
 24260619_075448   110559      280.9         283.7   0.046      109      240
 24260619_075448   111244      237.2         246.0   0.065      164      168
 24260619_075448   120585      287.6         285.7   0.046      100      239
 24260619_075448   120620      206.0         197.6   0.062      156      168
 24260619_075448   120691      201.7         205.1   0.065      131      219
 24260619_075448   120748      265.4         265.2   0.058      113      272
 24260619_075448   121152      333.1         331.9   0.049      105      250
 24260619_075448   121353      356.9         365.1   0.034       73      249
 24260619_075448   130120      373.6         369.7   0.037       92      273
 24260619_075448   130235      278.2         282.7   0.046      103      238
 24260619_075448   131466      304.6         305.1   0.040       89      227
 24260619_075448   140763      457.1         463.6   0.031       57      293
 24260619_075448   141932      287.6         282.9   0.041       80      258
 24260619_075448   152395      238.0         238.9   0.056      119      230
 24260619_075448   163698      297.1         310.7   0.046      144      201
 24260619_075448   163738      214.8         222.1   0.059      159      175
 24260619_093653    43835      412.4         408.2   0.021       29      228
 24260619_093653    44735      383.5         378.3   0.033       70      253
 24260619_093653    46782      387.1         397.4   0.032       60      254
 24260619_093653    47266      273.4         271.2   0.048      129      193
 24260619_144815    31901      180.0         173.6   0.065      116      233
 24260619_144815    32563      243.7         251.1   0.050      167      172
 24260619_144815    43856      245.5         250.7   0.055      126      228
 24260619_144815    45290      300.4         300.7   0.042      119      230
 24260619_144815    54220      353.0         348.2   0.032       50      288
 24260619_144815    54455      283.6         280.9   0.047      113      257
 24260619_144815    54982      365.7         365.5   0.028       69      247
 24260619_144815    60805      255.9         255.3   0.047      161      165
 24260619_144815    60981      292.7         289.0   0.039      159      163
 24260619_144815    62529      232.4         235.8   0.060      129      235
 24260619_144815    70243      270.9         272.1   0.047      109      228
 24260619_144815    70529      185.1         191.2   0.062      159      164
 24260619_144815    73166      388.6         387.7   0.033      101      247
 24260619_144815    75185      253.8         236.0   0.049      118      241
 24260619_144815    75687      246.2         250.7   0.051      114      242
 24260619_144815    82286      241.5         248.5   0.052      167      171
 24260619_144815    82386      290.3         284.8   0.047       98      261
 24260619_144815    82422      496.0         492.2   0.022       75      251
 24260619_144815    85972      269.8         276.2   0.043      162      166
 24260619_144815    91246      268.6         255.5   0.058       81      355
 24260619_144815    91940      316.7         315.2   0.039       85      288
 24260619_144815    95412      305.1         297.6   0.040       96      239
 24260619_144815    96782      257.3         259.0   0.047      160      171
 24260619_144815    96910      165.9         150.8   0.070      114      223
 24260619_144815   100432      264.4         269.6   0.056      107      260
 24260619_144815   103286      367.5         368.9   0.030       87      228
 24260619_144815   106488      275.0         275.2   0.046      133      198
 24260619_174938    30532      307.3         304.2   0.043       79      301
 24260619_174938    30748      352.7         347.5   0.042       90      276
 24260619_174938    31015      316.1         314.1   0.036      101      229
 24260619_174938    40419      326.2         320.0   0.038      113      234
 24260619_174938    40430      285.7         289.9   0.042      139      196
 24260619_174938    40773      232.0         239.4   0.056      114      235
 24260619_174938    40909      418.7         421.6   0.025       55      246
 24260619_174938    40935      441.2         436.8   0.022       43      246
 24260619_174938    41105      298.9         297.1   0.043      161      186
 24260619_174938    50207      232.3         232.6   0.053      168      173
 24260619_174938    50468      403.7         404.0   0.032       74      281
 24260619_174938    50846      496.6         493.9   0.021       56      250
 24260619_174938    51070      435.1         431.9   0.028       78      262
 24260619_174938    60059      396.7         380.6   0.029       77      247
 24260619_174938    60097      337.5         331.8   0.036       90      249
 24260619_174938    60103      263.4         263.8   0.053      109      258
 24260619_174938    60206      205.3         215.1   0.056      162      166
 24260619_174938    60243      300.6         294.0   0.041      105      244
 24260619_174938    60374      256.2         256.6   0.045       87      253
 24260619_174938    60410      285.6         289.9   0.045      112      245
 24260619_174938    61314      366.9         366.1   0.038      107      255
 24260619_174938    70063      374.0         373.9   0.029       68      252
 24260619_174938    70533      398.6          12.8   0.027       75      246
 24260619_174938    80021      360.2         362.5   0.036       93      260
 24260619_174938    80099      293.1         284.5   0.042      105      229
 24260619_174938    80245      417.9         426.8   0.031       89      226
 24260619_174938    80288      234.5         227.2   0.057      123      232
 24260619_174938    80597      287.4         295.1   0.041      158      165
 24260619_174938    80702      354.0         355.1   0.033       65      271
 24260619_174938    81127      426.3         430.2   0.024       55      245
 24260619_174938    81129      288.3         275.0   0.044      115      234
 24260619_174938    81260      285.5         280.4   0.042      117      224
 24260619_174938    81554      284.4         280.7   0.045      144      197
 24260619_174938    90075      237.4         228.7   0.058      129      244
 24260619_174938    90587      276.8         285.2   0.044      162      166
 24260619_174938    90709      229.8         221.4   0.058      123      227
 24260619_174938    91664      297.2         295.6   0.042      125      230
 24260619_174938   100158      204.4         200.1   0.058      137      191
 24260619_174938   100204      251.1         254.2   0.048      168      172
 24260619_174938   100576      299.9         304.1   0.038      112      213
 24260619_174938   100676      367.2         366.3   0.033       86      236
 24260619_174938   100901      319.1         315.5   0.037       93      245
 24260619_174938   100952      372.0         365.5   0.032       81      255
 24260619_174938   100964      389.7         402.2   0.030       63      254
 24260619_174938   101021      186.5         184.1   0.068      119      227
 24260619_174938   101373      341.2         341.1   0.032       90      229
 24260619_174938   110079      346.9         345.1   0.039      106      264
 24260619_174938   110325      192.6         192.2   0.063      162      167
 24260619_174938   110604      233.8         235.1   0.058      109      240
 24260619_174938   111058      275.9         276.1   0.046       96      272
 24260619_174938   111188      414.6         418.1   0.027       60      262
 24260619_174938   111309      405.8         406.3   0.028       59      266
 24260619_174938   111412      293.3         296.0   0.041      162      168
 24260619_174938   120600      230.9         230.3   0.051      121      217
 24260619_174938   120983      201.7         202.5   0.056       96      237
 24260619_174938   121236      329.0         321.9   0.032       98      210
 24260619_174938   130138      264.6         267.8   0.047      107      232
 24260619_174938   130593      231.1         233.2   0.058       93      285
 24260619_174938   130686      433.7         429.2   0.025       63      246
 24260619_174938   130764      225.5         213.6   0.052      161      165
 24260619_174938   130779      185.4         185.7   0.067      151      184
 24260619_174938   130886      252.4         255.0   0.047      167      172
 24260619_174938   131076      253.7         249.4   0.048      120      219
 24260619_174938   131388      274.1         273.6   0.053       98      248
 24260619_174938   140408      353.5         352.3   0.035       59      267
 24260619_174938   140565      395.3         393.2   0.028       71      258
 24260619_174938   141090      302.0         294.6   0.038       86      260
 24260619_174938   150174      241.9         242.7   0.050      131      211
 24260619_174938   150596      331.7         322.7   0.040       98      281
 24260619_174938   150645      256.8         260.1   0.047      164      172
 24260619_174938   160594      453.3         454.9   0.024       54      257
 24260619_174938   160605      232.4         227.7   0.058      117      229
 24260619_174938   160663      435.3         432.4   0.028       59      261
 24260619_174938   161309      285.0         287.5   0.042       96      253
 24260619_174938   170026      238.9         240.7   0.048      128      196
 24260619_174938   170192      333.2         328.2   0.035       97      232
 24260619_174938   170599      212.7         218.3   0.056       80      273
 24260619_174938   180216      259.8         270.5   0.054      152      179
 24260619_174938   180889      232.5         233.2   0.053      138      211
 24260619_174938   181017      295.8         296.2   0.044      171      176
 24260619_174938   181215      311.0         319.4   0.037      103      219
 24260619_174938   181613      320.5         334.6   0.036       85      235
 24260619_174938   190384      317.3          27.7   0.040       98      238
 24260619_210312    30632      319.2         329.5   0.038      161      169
 24260619_210312    40340      293.6         286.7   0.040      122      214
 24260619_210312    40667      216.6         212.4   0.053      119      208
 24260619_210312    40826      264.1         262.7   0.045      160      164
 24260619_210312    50165      439.2         431.2   0.020       38      245
 24260619_210312    50335      245.9         233.2   0.053       95      263
 24260619_210312    50340      286.6         278.6   0.042      115      220
 24260619_210312    51103      408.0         400.0   0.033       66      288
 24260619_210312    51461      298.5         295.0   0.042      115      228
 24260619_210312    60406      314.7         305.0   0.038       88      260
 24260619_210312    60791      367.7         355.6   0.029       70      236
 24260619_210312    60984      482.0         472.9   0.021       37      268
 24260619_210312    61220      235.9         233.8   0.049      137      190
 24260619_210312    70261      311.9         312.1   0.038      126      197
 24260619_210312    70330      255.5         251.5   0.055       98      291
 24260619_210312    70712      235.7         239.7   0.056      164      168
 24260619_210312    70733      300.8         302.9   0.039      149      177
 24260619_210312    70769      202.4         197.1   0.065      119      232
 24260619_210312    80044      251.3         254.2   0.047      142      180
 24260619_210312    80063      237.2         241.6   0.054      107      259
 24260619_210312    80244      247.0         248.3   0.049      101      240
 24260619_210312    81096      309.7         294.9   0.039      115      226
 24260619_210312    90228      306.1         303.3   0.041      127      227
 24260619_210312    91307      430.6         428.3   0.026       55      264
 24260619_210312   100357      228.6         235.6   0.051      156      160
 24260619_210312   100576      278.3         256.6   0.044       99      251
 24260619_210312   100697      457.3         458.6   0.020       42      241
 24260619_210312   101219      284.5          29.4   0.047       93      268
 24260619_210312   110156      259.7         272.5   0.049      139      209
 24260619_210312   110397      395.6         396.1   0.031       82      253
 24260619_210312   110852      290.6         276.7   0.039      107      222
 24260619_210312   111386      280.6         281.0   0.045      104      239
 24260619_210312   120009      375.7         368.3   0.032       97      239
 24260619_210312   120254      315.8         315.3   0.047      103      290
 24260619_210312   120287      282.8         279.3   0.043      136      203
 24260619_210312   120409      255.1         253.3   0.052      110      254
 24260619_210312   120873      201.8         197.8   0.057      160      164
 24260619_210312   130199      298.0         299.4   0.038      116      212
 24260619_210312   130315      379.5         383.0   0.030       76      238
 24260619_210312   130618      369.1         373.0   0.037       70      302
 24260619_210312   131017      294.7         282.7   0.045       97      257
 24260619_210312   131141      206.7         201.5   0.059      122      227
 24260619_210312   131320      346.3         341.0   0.035       98      246
 24260619_210312   131389      747.0         716.7   0.018       60      316
 24260619_210312   140547      251.1         245.4   0.053      106      262
 24260619_210312   141427      244.4         247.3   0.050      114      232
 24260619_210312   150236      279.2         288.0   0.047      139      219
 24260619_210312   150383      293.1         304.1   0.044      147      193
 24260619_210312   150753      743.0         730.0   0.017       62      296
 24260619_210312   151117      268.7         267.6   0.048      118      250
 24260619_210312   151563      206.3         204.7   0.054      160      164
 24260619_210312   160457      274.0         279.7   0.051       99      271
 24260619_210312   160477      231.7         239.8   0.051      161      165
 24260619_210312   160605      336.9         332.6   0.038      126      221
 24260619_210312   160657      322.9         338.7   0.038       93      235
 24260619_210312   160670      461.6         457.4   0.022       45      257
 24260619_210312   160857      293.7          27.4   0.042      102      238
 24260619_210312   161094      358.4         361.3   0.029       86      232
 24260619_210312   161526      453.8         459.4   0.022       54      250
 24260619_210312   170360      328.7         332.0   0.039      126      205
 24260619_210312   170365      282.4         283.2   0.044      122      215
 24260619_210312   170711      347.2         342.6   0.035       74      259
 24260619_210312   171383      231.1         225.8   0.053      152      189
 24260619_210312   171389      232.3         242.7   0.049      150      172
 24260619_210312   171394      229.0         222.5   0.056      111      247
 24260619_210312   171614      276.6         272.7   0.047      106      258
 24260619_210312   171629      270.2         261.5   0.046      134      216
 24260619_210312   171641      342.1         344.7   0.034       87      227
 24260619_210312   180023      401.3         409.4   0.031       66      242
 24260619_210312   180412      208.1         209.8   0.057      116      209
 24260619_210312   180981      301.2         300.9   0.051      135      213
 24260619_210312   181009      365.7         357.5   0.035       96      265
 24260619_210312   181165      300.8         304.4   0.042       92      260
 24260619_210312   181232      358.7         357.3   0.037      107      250
 24260619_210312   181283      284.8         287.8   0.046       89      290
 24260619_210312   190052      307.5         309.4   0.043      101      256
 24260619_210312   190104      191.3         186.6   0.062      108      228
 24260619_210312   190198      228.1         227.6   0.053      127      219
 24260619_210312   190202      263.3         265.3   0.046      124      217
 24260619_210312   190357      271.3         269.4   0.046      116      231
 24260619_210312   191319      301.5         296.6   0.043       90      273
 24260619_210312   200129      296.6         284.8   0.041      113      221
 24260619_210312   200204      286.8         246.9   0.047      117      238
 24260619_210312   200430      299.7         302.1   0.041      143      190
 24260619_210312   200555      315.1         307.4   0.034       53      272
 24260619_230219    31353      431.9         432.6   0.024       64      246
 24260619_230219    40553      347.7         348.4   0.038       86      280
 24260619_230219    40557      381.6         389.8   0.027       85      225
 24260619_230219    40697      286.5         272.7   0.053       76      366
 24260619_230219    40700      313.2         313.0   0.041      121      237
 24260619_230219    41064      197.6         195.2   0.061      121      227
 24260619_230219    50311      247.2         243.0   0.054      113      247
 24260619_230219    50830      377.6         373.7   0.036       92      250
 24260619_230219    51189      201.3         201.2   0.065      125      236
 24260619_230219    51471      348.0         336.8   0.035      105      236
 24260619_230219    52056      350.1         355.9   0.029       80      225
 24260619_230219    52057      282.2          19.1   0.046      117      224
 24260619_230219    52202      235.6         250.5   0.058      163      171
 24260619_230219    52370      363.4         367.3   0.042       85      279
 24260619_230219    60770      323.0         307.1   0.047       77      327
 24260619_230219    61297      297.0         302.9   0.043       99      251
 24260619_230219    61533      316.1         309.9   0.036      100      221
 24260619_230219    62469      287.7         277.6   0.042      100      244
 24260619_230219    70643      227.2         236.7   0.049      132      185
 24260619_230219    71202      414.9         413.6   0.027       60      256
 24260619_230219    72999      440.9         439.6   0.023       44      262
 24260619_230219    80076      249.8         249.2   0.055      138      234
 24260619_230219    80208      382.0         381.2   0.033       91      254
 24260619_230219    81146      467.7         486.1   0.019       38      235
 24260619_230219    81209      287.6         289.5   0.045      117      245
 24260619_230219    81224      251.8         245.6   0.052      113      238
 24260619_230219    82582      293.8         284.3   0.042       94      265
 24260619_230219    91168      256.0         257.9   0.055      102      291
 24260619_230219    91967      288.9         283.7   0.042      116      223
 24260619_230219    92403      313.3         315.9   0.038      111      236
 24260619_230219    92706      254.9         251.6   0.045      142      183
 24260619_230219   101921      182.7         183.2   0.068      110      226
 24260619_230219   110647      360.8         366.7   0.033       75      256
 24260619_230219   110931      250.8         249.6   0.046      118      210
 24260619_230219   112271      394.7         390.5   0.029       88      252
 24260619_230219   112396      307.9           1.6   0.044      114      256
 24260619_230219   120017      202.4         195.8   0.056      159      163
 24260619_230219   120596      327.5         326.7   0.035       85      244
 24260619_230219   121785      262.4         260.3   0.053      114      254
 24260619_230219   123455      286.1         287.0   0.043      122      215
 24260619_230219   130215      419.0         428.9   0.026       60      252
 24260619_230219   132081      344.6         337.0   0.036       77      262
 24260619_230219   132734      297.7         312.7   0.045       83      274
 24260619_230219   132961      284.3         283.0   0.038      108      213
 24260619_230219   141629      242.4         233.6   0.049      108      237
 24260619_230219   142229      370.4         374.1   0.034       96      243
 24260619_230219   142997      321.6         325.2   0.035       99      220
 24260619_230219   145091      264.1         263.2   0.049      112      244
 24260619_230219   145982      303.7         303.1   0.039       97      250
 24260619_230219   151307      425.7         422.9   0.028       76      259
 24260619_230219   160664      343.0         343.0   0.033      111      218
 24260619_230219   167323      324.5         333.9   0.043       82      293
 24260619_230219   172437      365.2         371.4   0.032       90      224
 24260619_230219   173788      260.6         261.9   0.043      157      164
 24260619_230219   193338      309.5         311.2   0.038      151      177
 24260619_230219   193419      314.6         316.8   0.035       86      238
 24260619_230219   195709      255.7         253.8   0.049      106      248
 24260619_230219   196522      498.6         498.8   0.023       57      258
 24260619_230219   196583      279.5         273.7   0.047      106      263
 24260619_230219   201431      261.0         261.9   0.046      159      177
 24260619_230219   203195      237.7         234.9   0.054      109      243
 24260620_032928    48303      343.4         351.0   0.034       97      235
 24260620_032928    71999      231.5         234.0   0.057      150      202
 24260620_032928    78998      195.5         186.6   0.062      124      200
 24260620_032928   123906      355.7         341.9   0.033       95      245
 24260620_032928   130646      335.6         335.6   0.036       75      251
 24260620_032928   141807      338.4         334.5   0.037      106      249
 24260620_032928   142092      467.0         457.4   0.022       42      265
 24260620_032928   157713      288.6         286.6   0.043      108      240
 24260620_032928   166165      226.6         227.4   0.055      168      176
 24260621_021444    45516      350.5         366.4   0.034       81      236
 24260621_021444    80057      257.0         258.1   0.051       92      250
 24260621_021444    83414      612.2         620.0   0.018       64      223
 24260621_021444   113364      328.7         332.3   0.037      118      209
 24260621_021444   121153      279.9         284.3   0.052      105      261
 24260621_021444   128168      246.5         247.0   0.054      162      185
 24260621_021444   137586      268.9         266.6   0.052      114      259
 24260621_021444   141235      284.8         282.3   0.046      119      231
 24260621_021444   151561      278.5         282.9   0.045      136      199
 24260621_021444   155479      240.0         242.1   0.055      125      217
 24260621_021444   194914      277.7         282.7   0.049      125      227
 24260621_041432    43373      252.5         260.1   0.051      146      196
 24260621_041432    75399      476.0         467.3   0.028       57      253
 24260621_041432    86266      258.0         257.1   0.045      158      162
 24260621_075659    31258      292.6         302.5   0.047      142      203
 24260621_075659    31773      428.6         425.5   0.030       67      272
 24260621_075659    78019      438.0         432.5   0.037      112      250
 24260621_075659    80315      281.1         273.6   0.051      102      258
 24260621_075659    94932      229.5         225.2   0.055      124      225
 24260621_075659   114734      219.7         215.8   0.061      109      253
 24260621_075659   116062      266.9         256.3   0.050      118      235
 24260621_075659   127042      342.6         341.3   0.036       79      266
 24260621_111527    32551      252.4         260.7   0.054      158      192
 24260621_111527    41294      233.9         242.7   0.054      161      165
 24260621_111527    41808      266.5         259.3   0.049      130      207
 24260621_111527    55439      299.0         294.6   0.057      102      278
 24260621_111527    60778      379.4         383.4   0.032       67      259
 24260621_111527    75241      323.9         323.9   0.035       95      217
 24260621_111527    80773      195.0         197.3   0.067      166      171
 24260621_111527   101223      387.7         377.6   0.033       93      246
 24260621_111527   143882      322.3          -0.8   0.042      142      194
 24260621_111527   153604      393.0         392.8   0.033       81      264
 24260621_111527   187728      326.6         306.7   0.043       96      272
 24260621_111527   188771      276.1         261.7   0.054      111      262
 24260621_145024    52598      193.3         181.3   0.071      160      164
 24260621_145024    98960      385.9         385.6   0.031       80      249
 24260622_022708    40068      248.7         240.6   0.051      134      195
 24260622_022708    40168      257.3         263.6   0.066      166      170
 24260622_022708    40324      266.4         273.0   0.054      112      237
 24260622_022708    40551      395.2         391.8   0.031       83      235
 24260622_022708    40611      277.0         272.8   0.053      104      244
 24260622_022708    40752      324.2         325.4   0.046      100      264
 24260622_022708    41050      249.6         250.9   0.063      120      235
 24260622_022708    41051      299.5         299.0   0.043       94      232
 24260622_022708    50530      294.4         298.6   0.052      131      224
 24260622_022708    50924      278.0         276.4   0.051      121      233
 24260622_022708    51159      221.1         223.2   0.067      120      241
 24260622_022708    60251      316.4         310.1   0.040       92      234
 24260622_022708    60429      247.2         249.0   0.068      167      171
 24260622_022708    60951      446.7         445.6   0.027       55      259
 24260622_022708    61079      216.8         212.7   0.072      101      289
 24260622_022708    70087      468.8         481.7   0.027       78      251
 24260622_022708    70541      391.8         394.0   0.029       62      248
 24260622_022708    70863      245.8         240.4   0.063      108      236
 24260622_022708    70907      220.2         225.9   0.071      121      219
 24260622_022708    70941      373.6         374.1   0.032       67      251
 24260622_022708    80109      361.3         353.9   0.037       76      275
 24260622_022708    80505      322.8         320.1   0.046       90      285
 24260622_022708    81097      200.1         193.5   0.061      156      160
 24260622_022708    90042      246.9         267.4   0.057      165      174
 24260622_022708    90091      277.3         272.3   0.040       60      249
 24260622_022708    90904      411.8         398.8   0.030       72      250
 24260622_022708    91269      390.1         388.1   0.036       68      283
 24260622_022708   100489      291.9         293.9   0.044      109      229
 24260622_022708   100506      281.9         270.0   0.066      121      241
 24260622_022708   110106      254.7         260.6   0.057      120      237
 24260622_022708   110332      328.6         338.0   0.043      100      244
 24260622_022708   110398      320.6         320.0   0.042      102      242
 24260622_022708   120036      327.7         331.2   0.046       88      297
 24260622_022708   120800      293.4         296.9   0.051      113      251
 24260622_022708   121100      349.7         348.0   0.035       85      244
 24260622_022708   130075      237.7         246.2   0.054      159      163
 24260622_022708   130137      237.1         242.3   0.056       84      250
 24260622_022708   130927      342.6         342.8   0.037       73      269
 24260622_022708   140278      227.1         227.4   0.056      107      233
 24260622_022708   140592      287.0         279.8   0.049       98      268
 24260622_022708   140974      261.0         269.3   0.057      133      230
 24260622_022708   150108      273.3         275.2   0.049      122      223
 24260622_022708   150371      322.6         318.8   0.048      105      251
 24260622_022708   150484      254.1         258.3   0.054      129      215
 24260622_022708   150807      273.8         276.0   0.055      106      256
 24260622_022708   160212      280.3         284.9   0.048      119      216
 24260622_022708   160528      315.3         324.1   0.051      111      236
 24260622_022708   160849      267.7         262.5   0.054       65      304
 24260622_022708   160940      306.7         292.0   0.042      115      208
 24260622_022708   160967      266.8         261.7   0.053      110      249
 24260622_022708   161129      371.9         374.6   0.031       79      246
 24260622_022708   161221      242.4         244.8   0.056      107      242
 24260622_022708   170293      338.0         330.7   0.038       76      242
 24260622_022708   170595      249.9         237.0   0.051      152      187
 24260622_022708   171152      269.4         271.7   0.051      123      236
 24260622_022708   180062      297.9         304.6   0.042      119      211
 24260622_022708   180356      260.0         260.1   0.057       92      269
 24260622_022708   180624      213.9         208.1   0.067      144      197
 24260622_022708   190039      290.7         289.8   0.055      107      273
 24260622_022708   190703      272.7         264.8   0.051      107      250
 24260622_022708   190978      275.4         275.8   0.051       98      261
 24260622_022708   190985      320.3         322.7   0.048       95      284
 24260622_022708   191056      311.6         313.1   0.044       96      245
 24260622_022708   191244      256.2         246.6   0.058       96      287
 24260622_022708   191274      318.7         322.9   0.044       86      249
 24260622_022708   200000      306.6         300.3   0.045       84      273
 24260622_022708   200015      327.8         324.1   0.041      105      241
 24260622_022708   200106      276.6         278.9   0.050       81      279
 24260622_022708   200166      241.3         239.8   0.060      117      253
 24260622_022708   200222      450.4         449.5   0.023       40      248
 24260622_042718    30453      315.7         315.3   0.050      111      242
 24260622_042718    30467      319.7         316.3   0.042       95      248
 24260622_042718    30982      631.8         645.2   0.018       59      214
 24260622_042718    40112      287.2         280.2   0.057       97      311
 24260622_042718    40162      292.0         289.5   0.043      161      165
 24260622_042718    40485      313.0         322.4   0.043       79      261
 24260622_042718    40775      414.8         408.6   0.032       72      267
 24260622_042718    50032      295.4         294.7   0.049      109      233
 24260622_042718    50085      280.9         270.1   0.048      121      217
 24260622_042718    50671      365.2         369.0   0.034       79      236
 24260622_042718    60371      260.9         261.2   0.057      120      205
 24260622_042718    60383      358.4         350.4   0.041       80      253
 24260622_042718    60585      314.6         311.8   0.047      117      248
 24260622_042718    61032      219.5         219.7   0.062      168      177
 24260622_042718    61041      339.4         335.7   0.038       80      261
 24260622_042718    70017      446.7         447.2   0.025       61      242
 24260622_042718    70332      428.5         415.0   0.027       57      246
 24260622_042718    70914      343.6         350.9   0.038       99      239
 24260622_042718    71100      312.1         314.1   0.047      121      233
 24260622_042718    80011      409.9         407.4   0.026       59      232
 24260622_042718    80013      195.3         199.3   0.069      128      224
 24260622_042718    80157      270.6         273.0   0.050      108      239
 24260622_042718    80489      284.7         283.7   0.053      120      237
 24260622_042718    80589      294.4         298.3   0.048       98      234
 24260622_042718    80738      321.3         319.9   0.041      163      168
 24260622_042718    80754      381.9          -2.8   0.033       74      267
 24260622_042718    80976      294.6         291.1   0.045      135      189
 24260622_042718    90020      265.0         267.4   0.055      114      240
 24260622_042718    90433      241.2         250.4   0.056      166      171
 24260622_042718    90456      274.2         274.8   0.052      119      244
 24260622_042718    90470      278.8         294.3   0.054      115      241
 24260622_042718    90633      282.7         283.5   0.052      141      192
 24260622_042718    91188      373.4         371.3   0.033       72      254
 24260622_042718   100009      751.8         742.1   0.015       41      279
 24260622_042718   100181      279.0         275.0   0.046       82      240
 24260622_042718   100439      422.2         423.0   0.028       65      258
 24260622_042718   100588      237.3         240.8   0.061      105      259
 24260622_042718   100966      198.9         203.9   0.071      105      261
 24260622_042718   101170      224.3         231.8   0.070      100      286
 24260622_042718   110481      430.1         424.4   0.029       56      267
 24260622_042718   110625      287.7         293.4   0.052       87      242
 24260622_042718   110753      385.2         379.9   0.036       65      288
 24260622_042718   110783      260.5         260.3   0.050      163      169
 24260622_042718   110795      382.5         381.5   0.035       98      244
 24260622_042718   110911      394.2         387.3   0.031       60      268
 24260622_042718   111119      277.4         279.4   0.055       91      299
 24260622_042718   111156      387.6         397.9   0.037      100      221
 24260622_042718   111226      275.1         268.2   0.051      107      258
 24260622_042718   120285      297.3         301.6   0.049      125      226
 24260622_042718   120749      243.0         239.0   0.051      102      234
 24260622_042718   130105      451.7         438.0   0.025       48      265
 24260622_042718   131173      244.8         248.4   0.059      131      216
 24260622_042718   131175      275.3         272.1   0.054      114      244
 24260622_042718   140110      250.1         251.3   0.054      131      206
 24260622_042718   140195      287.1         288.5   0.055       98      280
 24260622_042718   140316      422.3         422.0   0.024       45      253
 24260622_042718   140466      253.2         264.2   0.052      160      177
 24260622_042718   140710      306.2         310.0   0.043       90      252
 24260622_042718   140883      283.7         275.6   0.054       99      258
 24260622_042718   140985      282.8         284.9   0.043      120      199
 24260622_042718   150047      295.9         291.5   0.041      109      213
 24260622_042718   150351      262.2         268.2   0.054       91      267
 24260622_042718   150474      325.9         316.9   0.037       76      258
 24260622_042718   150989      323.4         328.6   0.039       82      242
 24260622_042718   151050      272.4         275.7   0.054      119      252
 24260622_042718   151064      358.3         357.4   0.032       72      232
 24260622_042718   151119      321.6         310.8   0.045       71      300
 24260622_042718   151153      255.2         267.6   0.059      125      219
 24260622_042718   160028      366.5         361.9   0.031       68      239
 24260622_042718   160163      246.9         253.9   0.059      169      174
 24260622_042718   160227      331.1         331.3   0.037      120      206
 24260622_042718   160453      485.4         482.3   0.022       39      249
 24260622_042718   160593      283.2         281.2   0.046      114      219
 24260622_042718   160607      278.9         284.5   0.050      109      239
 24260622_042718   160679      264.4         266.7   0.054      138      238
 24260622_042718   161014      255.0         248.2   0.055       99      274
 24260622_042718   161033      298.5         290.3   0.050       93      279
 24260622_042718   170111      391.8         391.3   0.033       90      239
 24260622_042718   170156      438.6         436.7   0.023       41      240
 24260622_042718   170621      238.7         252.2   0.059      124      231
 24260622_042718   170626      245.1         252.3   0.052      163      167
 24260622_042718   171122      313.5         310.6   0.043      105      230
 24260622_042718   180576      214.9         214.2   0.062      162      166
 24260622_042718   180982      303.6         294.7   0.043       48      300
 24260622_042718   181673      279.8         280.4   0.053      112      242
 24260622_042718   181961      242.9         246.2   0.053      137      208
 24260622_042718   191114      252.2         254.7   0.054      164      169
 24260622_042718   191167      230.7         237.6   0.062      125      230
 24260622_042718   191186      280.0         283.5   0.049      119      208
 24260622_042718   191348      381.8         382.6   0.033       65      267
 24260622_042718   192827      269.3         262.5   0.059      127      240
 24260622_042718   193140      234.3         242.6   0.058      169      174
 24260622_042718   200802      329.5         330.7   0.041      117      222
 24260622_073439    30492      402.4         398.1   0.030       72      252
 24260622_073439    30590      302.3         307.7   0.047       90      268
 24260622_073439    30607      239.4         242.5   0.061      105      259
 24260622_073439    30727      227.2         222.0   0.057       99      253
 24260622_073439    30755      229.8         234.7   0.055       92      241
 24260622_073439    40010      220.7         225.8   0.062      147      191
 24260622_073439    40170      549.8         555.2   0.026       78      246
 24260622_073439    40210      364.7         363.5   0.033       78      259
 24260622_073439    40808      260.5         268.1   0.051      120      228
 24260622_073439    40968      290.9         281.5   0.043      117      215
 24260622_073439    50802      345.0         348.4   0.041       92      266
 24260622_073439    60305      257.1         257.5   0.057      163      188
 24260622_073439    60487      246.1         240.6   0.055      131      211
 24260622_073439    60489      352.9         342.8   0.038       66      287
 24260622_073439    60931      279.9         284.4   0.049      138      211
 24260622_073439    60964      212.6         201.6   0.062      109      255
 24260622_073439    70525      246.4         243.5   0.051      161      165
 24260622_073439    70998      263.1         251.9   0.057       94      289
 24260622_073439    71117      448.2         451.7   0.029       67      265
 24260622_073439    80293      340.7         338.8   0.037       92      236
 24260622_073439    80295      241.7         235.5   0.058      120      242
 24260622_073439    80409      397.2         400.5   0.037      105      236
 24260622_073439    80480      656.6         642.1   0.020       54      310
 24260622_073439    80869      303.3         308.0   0.043       97      231
 24260622_073439    81191      229.3         242.5   0.056      162      166
 24260622_073439    90402      237.4         228.7   0.059      108      249
 24260622_073439    90470      253.1          14.5   0.058      171      178
 24260622_073439    90737      380.0         375.4   0.032       63      261
 24260622_073439    90955      252.4         252.8   0.049      128      196
 24260622_073439    90967      286.1         287.4   0.044       95      253
 24260622_073439    91263      329.7         326.1   0.047      114      228
 24260622_073439    91265      246.8         237.0   0.057      140      208
 24260622_073439   100145      281.7         286.3   0.048      138      206
 24260622_073439   100199      435.6         430.9   0.030       81      243
 24260622_073439   100324      422.8         419.8   0.030       51      283
 24260622_073439   100491      258.1         263.0   0.060      127      227
 24260622_073439   100843      229.4         225.0   0.056      161      174
 24260622_073439   100938      308.0         305.6   0.047      116      216
 24260622_073439   100989      306.7         301.9   0.041       98      240
 24260622_073439   101056      333.1         331.6   0.039       89      262
 24260622_073439   110085      370.8         381.2   0.034      114      219
 24260622_073439   110136      356.8         356.7   0.036       77      251
 24260622_073439   110156      240.0         250.3   0.067      107      263
 24260622_073439   110553      378.1         364.6   0.031       64      245
 24260622_073439   110593      664.8         652.6   0.016       40      253
 24260622_073439   110967      292.3         291.4   0.048      103      259
 24260622_073439   120041      420.4         422.8   0.031       84      256
 24260622_073439   120387      297.2         297.1   0.046      122      240
 24260622_073439   120404      239.7         229.6   0.063       95      288
 24260622_073439   120587      370.3         372.2   0.036       79      267
 24260622_073439   120829      391.0         404.7   0.033       80      246
 24260622_073439   120865      349.6         347.1   0.038      106      232
 24260622_073439   120944      172.3         170.6   0.077      164      169
 24260622_073439   120996      407.4         404.3   0.033       95      255
 24260622_073439   121023      283.4         293.2   0.049      103      249
 24260622_073439   121045      339.4         327.2   0.040       95      259
 24260622_073439   121178      224.6         227.4   0.061      136      212
 24260622_073439   121187      316.0         328.1   0.041      120      216
 24260622_073439   121205      296.9         293.0   0.049       88      288
 24260622_073439   130044      205.3         223.2   0.065      115      216
 24260622_073439   130225      366.4         363.4   0.036       95      266
 24260622_073439   130464      244.4         238.8   0.056      139      204
 24260622_073439   130730      318.4         317.3   0.041       90      249
 24260622_073439   130830      218.5         219.0   0.061      167      171
 24260622_073439   130890      342.5         348.2   0.039      102      234
 24260622_073439   131212      286.0         288.2   0.049      106      241
 24260622_073439   131221      323.3         321.7   0.039       98      237
 24260622_073439   131226      375.7         372.7   0.030       60      268
 24260622_073439   140486      398.9         402.7   0.036       70      279
 24260622_073439   140499      356.3         355.5   0.036       90      243
 24260622_073439   140676      235.2         232.6   0.059      111      264
 24260622_073439   141042      252.2         254.9   0.049      115      213
 24260622_073439   141070      449.6         447.0   0.027       72      255
 24260622_073439   150188      319.5         317.4   0.041       80      267
 24260622_073439   150552      392.2         392.9   0.029       63      249
 24260622_073439   150555      306.7         300.5   0.048       94      294
 24260622_073439   150652      413.0         414.4   0.032       70      270
 24260622_073439   150876      290.7         303.7   0.048      104      236
 24260622_073439   151328      299.7         295.0   0.041      113      223
 24260622_073439   160258      440.7         442.0   0.024       50      247
 24260622_073439   160658      437.1         435.5   0.029       62      265
 24260622_073439   160698      268.7         273.0   0.053      105      251
 24260622_073439   160957      218.9         218.6   0.071      156      160
 24260622_073439   161288      278.6         282.9   0.053      111      235
 24260622_073439   161304      364.6         372.3   0.030       73      228
 24260622_073439   170366      124.1         126.4   0.028        1      119
 24260622_073439   170598      296.2         291.9   0.054      129      231
 24260622_073439   170770      323.3         321.3   0.041      116      231
 24260622_073439   171196      271.3         270.9   0.061      113      273
 24260622_073439   180388      362.1         359.5   0.032       73      240
 24260622_073439   181270      291.2         294.4   0.043      119      209
 24260622_073439   181286      280.3         277.3   0.045      109      206
 24260622_073439   190089      344.4         351.6   0.040       93      237
 24260622_073439   190753      363.9         362.7   0.040       81      278
 24260622_073439   190853      260.0         259.9   0.052      137      204
 24260622_073439   190910      298.0         301.9   0.043      130      202
 24260622_073439   191148      282.4         269.4   0.045      100      244
 24260622_210215    30782      236.8         244.5   0.057      168      172
 24260622_210215    40079      313.5         321.9   0.039       91      218
 24260622_210215    40125      312.5         316.0   0.044      124      211
 24260622_210215    40145      357.7         348.2   0.034       79      232
 24260622_210215    40480      298.0         297.1   0.050      117      239
 24260622_210215    40661      366.4         357.5   0.033       77      235
 24260622_210215    40728      323.3         329.2   0.039      118      211
 24260622_210215    50483      259.5         259.6   0.058      126      237
 24260622_210215    50540      337.6         334.9   0.038       92      217
 24260622_210215    50796      231.7         234.3   0.067      105      280
 24260622_210215    50827      462.9         470.0   0.022       35      246
 24260622_210215    50841      356.3         362.0   0.035       77      248
 24260622_210215    50842      344.7         332.4   0.034       73      248
 24260622_210215    51044      276.0         270.0   0.051      115      241
 24260622_210215    60443      293.4         255.3   0.048       93      255
 24260622_210215    60467      304.7         308.5   0.048      119      211
 24260622_210215    60474      345.7         346.4   0.047       91      296
 24260622_210215    60827      207.8         208.4   0.059      128      206
 24260622_210215    61141      278.0         267.2   0.059       88      322
 24260622_210215    61197      247.8         241.2   0.055      170      176
 24260622_210215    70242      313.9          18.4   0.042       79      249
 24260622_210215    70684      247.1         245.2   0.058      104      268
 24260622_210215    80093      298.7         290.7   0.047       84      275
 24260622_210215    80565      430.0         424.8   0.028       68      247
 24260622_210215    80935      238.4         228.6   0.063      101      239
 24260622_210215    81112      257.0         250.8   0.051      162      166
 24260622_210215    81205      382.8         392.7   0.031       60      250
 24260622_210215    90598      220.1         221.5   0.057      159      163
 24260622_210215    90710      295.8         298.3   0.043      131      197
 24260622_210215    90879      232.9         233.2   0.058      115      236
 24260622_210215    90953      231.6         230.6   0.056      148      193
 24260622_210215    91030      321.7         319.4   0.042       91      243
 24260622_210215    91044      260.5         263.5   0.051      144      175
 24260622_210215   100675      451.8         454.5   0.023       57      218
 24260622_210215   110280      288.3         283.9   0.045      101      238
 24260622_210215   110568      223.1         223.6   0.063      130      228
 24260622_210215   110583      327.5         325.0   0.044      103      250
 24260622_210215   111014      252.8         249.3   0.055      129      216
 24260622_210215   111214      244.2         238.8   0.060      105      274
 24260622_210215   111323      338.5         351.2   0.037       75      255
 24260622_210215   120199      291.7         288.4   0.051      109      260
 24260622_210215   120460      428.0         422.9   0.025       44      252
 24260622_210215   130929      303.5          17.6   0.045      102      232
 24260622_210215   130978      239.3         228.2   0.066      150      202
 24260622_210215   140144      212.3         209.5   0.061      164      168
 24260622_210215   140177      291.0         281.2   0.041       52      280
 24260622_210215   140324      309.1         305.4   0.051      102      264
 24260622_210215   140435      410.1         407.2   0.029       59      254
 24260622_210215   140760      317.7         331.2   0.046       89      277
 24260622_232541    30503      231.4         223.4   0.060      114      240
 24260622_232541    40437      259.3         255.8   0.054      108      255
 24260622_232541    40732      362.0         355.5   0.039       81      278
 24260622_232541    50092      292.7         288.4   0.049      101      231
 24260622_232541    50411      330.4         320.7   0.036       96      226
 24260622_232541    50573      269.1         255.9   0.050       84      255
 24260622_232541    50773      232.8         249.0   0.059      166      171
 24260622_232541    50810      301.3         294.1   0.048      125      235
 24260622_232541    50853      233.7         249.0   0.060      130      224
 24260622_232541    50903      492.9         490.8   0.021       38      240
 24260622_232541    50904      276.1         272.6   0.049      123      231
 24260622_232541    60007      311.3         312.9   0.043      157      183
 24260622_232541    60008      242.6         236.6   0.058      131      222
 24260622_232541    60162      255.2         262.9   0.061       96      300
 24260622_232541    60434      206.0         202.8   0.064      164      168
 24260622_232541    60659      323.2         323.7   0.043      119      226
 24260622_232541    61046      349.8         350.3   0.042       92      262
 24260622_232541    61047      321.5         328.4   0.040       78      255
 24260622_232541    70319      306.9         290.9   0.046       94      268
 24260622_232541    70468      353.1         352.0   0.035      118      196
 24260622_232541    70817      267.0         263.9   0.057      114      249
 24260622_232541    80141      229.1         215.8   0.063      124      247
 24260622_232541    80838      428.5         427.4   0.031       77      253
 24260622_232541    80922      279.9         281.7   0.048      135      201
 24260622_232541    80971      428.5         436.1   0.025       66      240
 24260622_232541    90045      418.0         416.1   0.025       46      252
 24260622_232541    90261      429.1         414.2   0.031       72      266
 24260622_232541    91007      273.5         267.1   0.046      130      201
 24260622_232541   100258      289.7         305.6   0.045      160      164
 24260622_232541   100578      326.1         320.0   0.046      103      266
 24260622_232541   101023      360.0         363.9   0.031       70      228
 24260622_232541   110073      433.9         431.3   0.026       64      249
 24260622_232541   110212      244.2         244.7   0.052      156      160
 24260622_232541   110691      464.9         451.9   0.024       44      267
 24260622_232541   111131      296.2         308.3   0.048      111      238
 24260622_232541   120000      345.2         348.6   0.043       88      255
 24260622_232541   120158      238.2         237.0   0.055      161      167
 24260622_232541   120538      227.2         229.2   0.055      159      163
 24260622_232541   120888      184.4         180.6   0.081      104      264
 24260622_232541   121051      212.3         201.0   0.061      162      166
 24260622_232541   130084      252.2         252.8   0.052      108      242
 24260622_232541   130205      217.6         216.1   0.058      160      166
 24260622_232541   130362      312.0         313.1   0.046      101      254
 24260622_232541   130455      402.0         386.5   0.032       62      275
 24260622_232541   130880      242.8         230.4   0.064      164      168
 24260622_232541   131081      355.7         353.6   0.040       81      244
 24260622_232541   140168      260.0         267.0   0.048      121      216
 24260622_232541   140297      291.3         296.1   0.047      125      189
 24260622_232541   140360      277.8         275.7   0.046      115      216
 24260622_232541   140712      529.6         531.9   0.019       44      227
 24260622_232541   140854      398.2         411.2   0.023       22      224
 24260622_232541   141001      248.8         254.0   0.060      126      214
 24260622_232541   141079      403.2         401.9   0.035       99      257
 24260622_232541   141113      261.4         262.5   0.049      137      204
 24260622_232541   141261      305.9         304.8   0.045       90      269
 24260622_232541   150083      209.9         201.6   0.066       95      267
 24260622_232541   150233      253.8         248.1   0.053      133      217
 24260622_232541   150967      409.5         398.5   0.032       60      274
 24260622_232541   160031      393.2         386.8   0.028       57      248
 24260622_232541   160218      287.3         280.5   0.054       98      291
 24260622_232541   160335      302.0         298.7   0.048       94      271
 24260622_232541   160356      353.9         339.6   0.039       83      263
 24260622_232541   160899      252.9         247.1   0.052      136      206
 24260622_232541   161181      296.1         290.5   0.045      106      242
 24260622_232541   170035      265.0         266.3   0.061       91      315
 24260622_232541   170787      262.7         263.9   0.054      113      253
 24260622_232541   170815      398.9         407.1   0.033       80      252
 24260622_232541   170827      285.0         286.5   0.051      122      241
 24260622_232541   170932      373.3         378.4   0.033       86      254
 24260622_232541   180236      236.9         248.8   0.058       97      261
 24260622_232541   180277      206.8         198.6   0.072      114      260
 24260622_232541   180640      600.7         599.3   0.022       88      256
 24260622_232541   180703      365.1         366.9   0.033       77      242
 24260622_232541   190446      369.5         354.6   0.033       68      257
 24260622_232541   200315      251.7         258.7   0.063      164      177
 24260622_232541   200366      296.7         295.5   0.048       87      260
 24260622_232541   200391      245.6         246.2   0.060      121      245
 24260622_232541   200704      339.2         340.0   0.041       79      272
 24260622_232541   200709      337.2         337.0   0.041       99      244
 24260622_232541   200774      308.2         305.0   0.047      106      259
 24260622_232541   200867      244.3         240.4   0.055      147      180
 24260623_012553    30469      266.8         275.5   0.053      121      223
 24260623_012553    30493      241.7         247.4   0.057      116      244
 24260623_012553    30517      212.6         210.4   0.061      100      236
 24260623_012553    30809      416.0         419.1   0.031       63      269
 24260623_012553    40327      418.3         417.7   0.031       75      260
 24260623_012553    41076      254.5         258.7   0.055      118      233
 24260623_012553    41131      256.6         256.9   0.055      156      195
 24260623_012553    41215      320.4         319.6   0.042      108      229
 24260623_012553    50081      293.8         298.9   0.043      133      182
 24260623_012553    50520      264.7         269.4   0.050      144      198
 24260623_012553    51025      285.8         293.4   0.053      110      237
 24260623_012553    51193      201.0         212.9   0.066      156      170
 24260623_012553    60177      234.8         229.1   0.058      109      245
 24260623_012553    60419      409.5         404.2   0.029       50      262
 24260623_012553    60859      441.2         443.5   0.031       88      253
 24260623_012553    70120      263.2         262.3   0.045      117      199
 24260623_012553    70265      260.0          45.5   0.061      126      199
 24260623_012553    70506      265.0         269.1   0.056       96      274
 24260623_012553    70690      437.4         441.2   0.026       65      247
 24260623_012553    70717      217.3         221.1   0.058      115      222
 24260623_012553    80129      285.4         285.3   0.047      101      233
 24260623_012553    80344      231.7         239.0   0.055      156      162
 24260623_012553    80710      290.3         288.2   0.045      102      219
 24260623_012553    80817      356.5         366.7   0.038       88      245
 24260623_012553    81266      238.6         231.7   0.061      107      262
 24260623_012553    90552      446.1         458.1   0.028       58      227
 24260623_012553    91031      348.6         341.7   0.035       88      234
 24260623_012553   100421      329.2         325.7   0.042      145      203
 24260623_012553   100464      238.2         237.4   0.062      112      264
 24260623_012553   100507      253.1         261.9   0.050      135      193
 24260623_012553   110017      208.3         213.7   0.062      121      225
 24260623_012553   110668      307.1         306.3   0.045      117      241
 24260623_012553   110935      260.1         265.0   0.050      158      162
 24260623_012553   111107      237.7         240.6   0.060       96      273
 24260623_012553   120061      279.7         280.4   0.048      116      240
 24260623_012553   120418      434.4         436.7   0.029       71      250
 24260623_012553   120434      208.9         220.5   0.068      121      224
 24260623_012553   120526      271.6         280.7   0.047      105      237
 24260623_012553   120672      243.1         238.2   0.052      162      166
 24260623_012553   130016      319.7         325.1   0.038      129      197
 24260623_012553   130279      206.4         211.4   0.064      115      237
 24260623_012553   130324      265.2         257.0   0.050      165      169
 24260623_012553   130394      185.2         183.1   0.073      103      257
 24260623_012553   130480      220.6         221.1   0.058      137      194
 24260623_012553   130518      296.1         291.0   0.047       90      269
 24260623_012553   130783      385.1         375.9   0.035       79      267
 24260623_012553   140035      277.1         277.1   0.055      120      257
 24260623_012553   140254      291.2         295.9   0.051      101      283
 24260623_012553   140462      366.1         356.6   0.038       74      277
 24260623_012553   140900      226.6         236.9   0.063      100      280
 24260623_012553   141134      251.0         251.9   0.056      116      238
 24260623_012553   150166      199.9         211.0   0.061      133      194
 24260623_012553   150268      294.1         291.7   0.040       59      269
 24260623_012553   150536      184.9         173.2   0.070      135      196
 24260623_012553   150875      287.8         279.6   0.046       83      275
 24260623_012553   150930      501.4         515.1   0.021       40      229
 24260623_012553   151174      313.1         305.3   0.042       89      274
 24260623_012553   160070      292.0         301.5   0.040      101      207
 24260623_012553   160371      217.8         218.0   0.058       89      246
 24260623_012553   160624      248.0         251.0   0.053      135      203
 24260623_012553   160680      352.3         340.5   0.036       86      240
 24260623_012553   160731      215.0         204.3   0.062      115      250
 24260623_012553   161089      319.2         312.3   0.037       57      275
 24260623_012553   171230      450.0         456.4   0.022       37      226
 24260623_012553   180134      352.6         367.4   0.040      103      248
 24260623_012553   180245      237.8         231.7   0.057      167      172
 24260623_012553   180699      407.6         402.3   0.028       62      244
 24260623_035656    30484      313.1         304.3   0.044       80      279
 24260623_035656    40060      385.1         378.3   0.034       74      276
 24260623_035656    40583      257.4         262.2   0.059       92      278
 24260623_035656    40802      258.0         254.3   0.061       98      280
 24260623_035656    50064      229.7         230.6   0.062       99      270
 24260623_035656    50187      397.1         392.5   0.038       95      272
 24260623_035656    50213      293.2         287.9   0.047      121      222
 24260623_035656    50251      315.5         331.8   0.041      112      229
 24260623_035656    50372      603.6         594.3   0.021       59      262
 24260623_035656    50775      251.2         257.4   0.057      162      166
 24260623_035656    51009      333.2         326.7   0.038       87      240
 24260623_035656    51030      380.9         375.7   0.033       69      260
 24260623_035656    51108      277.8         278.3   0.047      105      234
 24260623_035656    60521      309.5         302.9   0.041       84      251
 24260623_035656    60707      339.6         334.9   0.038      103      227
 24260623_035656    60715      387.0         399.3   0.033       63      273
 24260623_035656    60756      444.7         433.3   0.030       57      271
 24260623_035656    70260      366.2         365.2   0.032       75      243
 24260623_035656    70602      427.7         421.9   0.026       50      257
 24260623_035656    70756      296.2         292.6   0.049       90      279
 24260623_035656    70962      428.1          21.6   0.029       67      247
 24260623_035656    80050      235.4         228.2   0.053      160      172
 24260623_035656    80468      275.2         274.6   0.047      130      206
 24260623_035656    80583      358.4         350.4   0.032       63      249
 24260623_035656    80853      292.3         293.8   0.042      108      216
 24260623_035656    80866      458.4         453.5   0.025       51      251
 24260623_035656    90042      237.5         235.6   0.061      128      235
 24260623_035656    90392      256.6         248.9   0.054      109      248
 24260623_035656    90869      202.0         201.9   0.070      113      245
 24260623_035656   100519      273.4         276.4   0.043      151      155
 24260623_035656   100703      359.1         356.4   0.032       83      231
 24260623_035656   100857      290.4         279.2   0.057      100      277
 24260623_035656   110317      347.2         348.1   0.038       76      257
 24260623_035656   111104      415.3         404.9   0.032       78      269
 24260623_035656   120234      258.8         264.2   0.051      132      197
 24260623_035656   120503      338.8         334.9   0.038      103      231
 24260623_035656   120597      346.1         343.3   0.038       84      270
 24260623_035656   120632      295.8         291.6   0.040      115      207
 24260623_035656   120703      211.0         217.5   0.060      145      175
 24260623_035656   120732      231.9         228.2   0.065       88      292
 24260623_035656   121160      248.2         238.5   0.055      139      211
 24260623_035656   121163      295.1         301.0   0.052      101      285
 24260623_035656   130818      300.6         304.3   0.043      132      195
 24260623_035656   140494      299.2         291.3   0.047      100      262
 24260623_035656   140597      286.8         288.1   0.046      119      230
 24260623_035656   140631      395.0         395.0   0.035       66      279
 24260623_035656   140734      284.0         266.5   0.049       89      269
 24260623_035656   140832      331.0         328.0   0.037      107      213
 24260623_035656   140974      271.5         261.8   0.046      143      178
 24260623_035656   140993      387.3         392.8   0.034      114      224
 24260623_035656   150149      358.1         354.3   0.040      100      255
 24260623_035656   150303      277.1         271.3   0.050      116      222
 24260623_035656   150356      271.5         280.2   0.048      118      214
 24260623_035656   150860      407.7         407.4   0.029       74      254
 24260623_035656   151098      311.7         297.1   0.045      131      208
 24260623_035656   151120      423.1         417.3   0.030       80      250
 24260623_035656   160165      245.3         250.4   0.056      156      160
 24260623_035656   160278      311.6         317.3   0.043      113      218
 24260623_035656   160516      335.4         341.6   0.036       79      274
 24260623_035656   160752      238.0         231.0   0.056      119      225
 24260623_035656   160948      329.2         331.1   0.038       96      246
 24260623_035656   161145      243.7         239.9   0.058      133      223
 24260623_035656   161237      338.8         354.1   0.038      111      231
 24260623_035656   161238      246.3         250.2   0.060      117      251
 24260623_035656   170556      283.2         300.3   0.043      125      190
 24260623_035656   170750      602.5         589.1   0.024       64      319
 24260623_035656   170809      229.1         218.3   0.055      163      169
 24260623_035656   170893      197.0         204.7   0.059      108      239
 24260623_035656   171014      305.5         306.0   0.044      118      235
 24260623_035656   171191      426.7         418.2   0.027       54      253
 24260623_035656   171334      421.7         403.3   0.027       52      261
 24260623_035656   180447      242.7         235.6   0.055      167      171
 24260623_035656   180873      262.2         267.2   0.055      110      245
 24260623_035656   190070      249.6         260.6   0.051      150      189
 24260623_035656   190154      269.2         267.5   0.052      135      207
 24260623_035656   190536      285.5         280.2   0.044      124      207
 24260623_035656   190645      376.5         371.1   0.033      119      202
 24260623_035656   191029      292.1         295.3   0.049      113      241
 24260623_035656   200039      353.3         353.9   0.039       80      226
 24260623_035656   200327      194.9         182.8   0.065      126      223
 24260623_035656   200443      204.1         193.3   0.060      162      166
 24260623_035656   200452      249.5         246.8   0.053      170      175
 24260623_035656   200542      310.1         301.8   0.040      105      241
 24260623_035656   200852      378.0         381.8   0.033       89      247
 24260623_035656   201093      357.3         357.7   0.034       72      251
 24260623_035656   210576      309.9         304.0   0.037       58      277
 24260623_035656   210754      251.8         254.2   0.052      137      203
 24260623_035656   210883      340.5         338.7   0.037      161      165
 24260623_035656   220396      278.7         283.9   0.048      126      223
 24260623_035656   220777      318.4         313.4   0.039      100      213
 24260623_035656   220802      240.5         242.1   0.058      128      227
 24260623_035656   220996      328.8         325.9   0.045       86      286
 24260623_035656   221303      454.7         457.0   0.031       64      297
 24260623_035656   230092      259.5         225.0   0.051      140      201
 24260623_035656   230160      286.5         291.1   0.044      155      159
 24260623_035656   230415      219.7         216.3   0.062      110      255
 24260623_035656   230566      411.2         411.8   0.028       64      243
 24260623_035656   230628      305.8         311.6   0.042       90      237
 24260623_035656   230804      424.3         418.0   0.027       44      257
 24260623_035656   231182      285.7         280.9   0.045       96      259
 24260623_035656   241162      267.7         255.0   0.047       85      250
 24260623_035656   250129      253.4         256.9   0.052      128      214
 24260623_035656   250381      293.0         289.9   0.042      102      231
 24260623_035656   250439      268.1         270.6   0.052      100      273
 24260623_035656   250586      370.1         370.1   0.030       69      241
 24260623_035656   251023      407.3         408.1   0.027       56      257
 24260623_035656   260229      345.1         342.7   0.038       80      261
 24260623_035656   260544      241.1         238.9   0.051      103      235
 24260623_035656   260883      327.2         310.7   0.043       84      297
 24260623_035656   261071      415.9         415.5   0.028       72      247
 24260623_035656   270421      230.9         247.9   0.056      167      171
 24260623_035656   270775      371.9         382.6   0.034       76      264
 24260623_035656   271063      279.1         271.8   0.048      123      218
 24260623_035656   280109      259.8         266.7   0.055      127      247
 24260623_035656   280591      344.1         341.6   0.035       80      246
 24260623_035656   280614      390.8         394.0   0.032       78      258
 24260623_064608    30662      298.1         298.7   0.039       82      246
 24260623_064608    30741      326.0         333.2   0.041      117      207
 24260623_064608    40742      229.7         221.3   0.054      150      175
 24260623_064608    41376      185.5         175.4   0.072      112      239
 24260623_064608    42018      286.0         287.9   0.047      104      240
 24260623_064608    42122      498.2         509.9   0.019       41      228
 24260623_064608    50105      435.9         430.6   0.024       44      270
 24260623_064608    50158      321.0         331.2   0.041      140      189
 24260623_064608    51782      284.4         268.7   0.048      111      250
 24260623_064608    52610      291.7         298.6   0.041      121      204
 24260623_064608    52931      333.6         336.0   0.034       73      253
 24260623_064608    61970      372.9         373.9   0.035       88      253
 24260623_064608    62960      357.5         347.6   0.039      100      265
 24260623_064608    70674      213.3         211.8   0.059      163      166
 24260623_064608    70918      375.3         367.7   0.029       65      252
 24260623_064608    72045      304.4         302.9   0.047       98      277
 24260623_064608    72546      416.8         427.9   0.030       81      248
 24260623_064608    81375      363.5         365.6   0.029       47      260
 24260623_064608    83040      416.3         418.4   0.033       59      287
 24260623_064608    90384      405.0         414.7   0.031       96      227
 24260623_064608   103541      277.0         269.3   0.052      106      272
 24260623_064608   103555      272.0         273.8   0.054      106      275
 24260623_064608   110288      276.2         273.0   0.048      106      247
 24260623_064608   110799      375.7         357.6   0.035       79      261
 24260623_064608   111736      300.8         296.4   0.040      112      214
 24260623_064608   111896      266.9         283.6   0.047      103      236
 24260623_064608   113785      597.7         605.5   0.022       82      248
 24260623_064608   122966      305.2         294.9   0.041      101      239
 24260623_064608   124400      261.1         253.0   0.048      132      209
 24260623_064608   131906      211.9         219.7   0.061      165      171
 24260623_064608   133655      228.2         235.1   0.058      169      175
 24260623_064608   140785      269.4         272.8   0.048      129      214
 24260623_064608   144376      434.1         430.6   0.028       81      240
 24260623_064608   144435      400.8         411.1   0.027       56      246
 24260623_064608   150045      209.4         212.1   0.063      164      169
