{
  "PAS1": {
    "mode": "4-exp",
    "t1": 7.950226046494883e-05,
    "t2": 0.00028182133053880534,
    "t3": 8.52060332371897e-05,
    "t4": 0.0014212187505284598
  },
  "PBS1": {
    "mode": "4-exp",
    "t1": 7.381167545825486e-05,
    "t2": 0.00037574900597729834,
    "t3": 0.0003797633783933342,
    "t4": 0.0003899643228275447
  },
  "PCS1": {
    "mode": "4-exp",
    "t1": 7.010210083167518e-05,
    "t2": 0.00016742697212485404,
    "t3": 0.0001602961220512594,
    "t4": 0.0012141159080432534
  },
  "PDS1": {
    "mode": "4-exp",
    "t1": 7.97425603209761e-05,
    "t2": 0.000955441620208483,
    "t3": 0.00040313639256845947,
    "t4": 0.0009713489574607819
  },
  "PES1": {
    "mode": "4-exp",
    "t1": 4.609008307119941e-05,
    "t2": 0.0006908132438862491,
    "t3": 0.0009900624938254303,
    "t4": 0.000539287070215365
  },
  "PFS1": {
    "mode": "4-exp",
    "t1": 4.683203164983735e-05,
    "t2": 0.0007820209526281276,
    "t3": 0.0006447597507073634,
    "t4": 0.0005593885723343087
  },
  "PAS2": {
    "mode": "4-exp",
    "t1": 7.50096524433727e-05,
    "t2": 0.00021559154911508227,
    "t3": 0.0006103526593609296,
    "t4": 0.0006233369528107688
  },
  "PBS2": {
    "mode": "4-exp",
    "t1": 7.623346725451592e-05,
    "t2": 0.00018931751421923725,
    "t3": 0.0005540143791716178,
    "t4": 0.04999993865968842
  },
  "PCS2": {
    "mode": "4-exp",
    "t1": 1.9867216057709455e-05,
    "t2": 0.0005336200881042451,
    "t3": 0.0005734404105513244,
    "t4": 0.001359840682321324
  },
  "PDS2": {
    "mode": "4-exp",
    "t1": 7.031263300449564e-05,
    "t2": 0.0005980163466020945,
    "t3": 0.0005870155888984274,
    "t4": 0.0006061715872018023
  },
  "PES2": {
    "mode": "4-exp",
    "t1": 4.1778176273934975e-05,
    "t2": 0.0005927804754043692,
    "t3": 0.0006336544408134418,
    "t4": 0.0011921979924508226
  }
}