{
  "PAS1": {
    "mode": "4-exp",
    "t1": 7.882369312373065e-05,
    "t2": 0.0009689010713929852,
    "t3": 0.0009408812230777891,
    "t4": 0.0010995532008117649
  },
  "PCS1": {
    "mode": "4-exp",
    "t1": 6.029036101100781e-05,
    "t2": 0.00022399562542612284,
    "t3": 0.002225419521382712,
    "t4": 0.002209795330618331
  },
  "PDS1": {
    "mode": "4-exp",
    "t1": 5.125596430799933e-05,
    "t2": 0.00032743147685892733,
    "t3": 0.0014443192633068716,
    "t4": 0.002518831295955079
  },
  "PES1": {
    "mode": "4-exp",
    "t1": 5.4441237348400546e-05,
    "t2": 0.0005502638976558141,
    "t3": 8.400000000000002e-05,
    "t4": 0.0022143887879326083
  },
  "PFS1": {
    "mode": "4-exp",
    "t1": 6.193221510362541e-05,
    "t2": 0.0018717183242684076,
    "t3": 0.0018672321448162646,
    "t4": 0.0018728581167984275
  },
  "PAS2": {
    "mode": "4-exp",
    "t1": 7.765627051477061e-05,
    "t2": 0.000757875990083236,
    "t3": 0.0007778911952640656,
    "t4": 0.0013387552596179028
  },
  "PBS2": {
    "mode": "4-exp",
    "t1": 7.439689013815531e-05,
    "t2": 0.0012321792439932738,
    "t3": 0.0010236356133647919,
    "t4": 0.0010258211663593272
  },
  "PCS2": {
    "mode": "4-exp",
    "t1": 6.25913254798457e-05,
    "t2": 0.000160657720225352,
    "t3": 0.0016405464935637026,
    "t4": 0.001611001101451174
  },
  "PDS2": {
    "mode": "4-exp",
    "t1": 7.170106254864908e-05,
    "t2": 0.00024860200781654266,
    "t3": 0.0017386186723545166,
    "t4": 0.0017438892502502036
  },
  "PES2": {
    "mode": "4-exp",
    "t1": 7.522816074845027e-05,
    "t2": 0.0009769795402717841,
    "t3": 0.0009534776240161581,
    "t4": 0.0010057756966120538
  },
  "PFS2": {
    "mode": "4-exp",
    "t1": 7.899938824970372e-05,
    "t2": 0.0006778407721687814,
    "t3": 0.001244446728865596,
    "t4": 0.000717720508188015
  }
}