{
  "PAS1": {
    "mode": "4-exp",
    "t1": 6.155034860366595e-05,
    "t2": 0.001001167593936344,
    "t3": 0.0010546886801883683,
    "t4": 0.001620328204451626
  },
  "PBS1": {
    "mode": "4-exp",
    "t1": 7.023047073867642e-05,
    "t2": 0.0006449355496711481,
    "t3": 0.0006287295936079212,
    "t4": 0.00227212681040105
  },
  "PCS1": {
    "mode": "4-exp",
    "t1": 7.898786035165175e-05,
    "t2": 0.0006545743777580248,
    "t3": 0.0006095236165114976,
    "t4": 0.0032073326453426376
  },
  "PES1": {
    "mode": "4-exp",
    "t1": 7.635271548576958e-05,
    "t2": 0.0006325118671524759,
    "t3": 0.0006698063357458254,
    "t4": 0.0021530648849924696
  },
  "PFS1": {
    "mode": "4-exp",
    "t1": 6.053436937602022e-05,
    "t2": 0.0002674437220537597,
    "t3": 0.00029392505782862866,
    "t4": 0.0026080181223553504
  },
  "PAS2": {
    "mode": "4-exp",
    "t1": 7.789242675144697e-05,
    "t2": 0.0005936523551499191,
    "t3": 0.0006918473756324396,
    "t4": 0.002619243099560167
  },
  "PCS2": {
    "mode": "4-exp",
    "t1": 7.4082134371343e-05,
    "t2": 0.0002920014504836219,
    "t3": 0.00026674930209744313,
    "t4": 0.002853050674008931
  },
  "PDS2": {
    "mode": "4-exp",
    "t1": 7.999999828149712e-05,
    "t2": 0.0005974049363629123,
    "t3": 0.0006084200995557148,
    "t4": 0.002681279775063089
  },
  "PES2": {
    "mode": "4-exp",
    "t1": 7.999999999999972e-05,
    "t2": 0.0007570886387073472,
    "t3": 0.0007658938288448207,
    "t4": 0.002376822074841039
  }
}