{
  "PBS1": {
    "mode": "4-exp",
    "t1": 7.99999999965749e-05,
    "t2": 0.00022009128526230835,
    "t3": 0.00019446773598616996,
    "t4": 0.0012554422208627023
  },
  "PCS1": {
    "mode": "4-exp",
    "t1": 7.993178933601962e-05,
    "t2": 0.0002004983977368768,
    "t3": 0.00020233080429981208,
    "t4": 0.0013113835598562165
  },
  "PDS1": {
    "mode": "4-exp",
    "t1": 6.838913783056456e-05,
    "t2": 0.00044473061934560725,
    "t3": 0.0005160959266065283,
    "t4": 0.000690369943917658
  },
  "PES1": {
    "mode": "4-exp",
    "t1": 4.553349668408392e-05,
    "t2": 0.0006296001323570728,
    "t3": 0.0006376786961222492,
    "t4": 0.0006362911090751244
  },
  "PFS1": {
    "mode": "4-exp",
    "t1": 7.850354414593975e-05,
    "t2": 0.00023615464623076405,
    "t3": 0.0006848973762999191,
    "t4": 0.0018389202329269713
  },
  "PAS2": {
    "mode": "4-exp",
    "t1": 6.824079951878071e-05,
    "t2": 0.0004312536475756322,
    "t3": 0.0008405036800444312,
    "t4": 0.0006423711432295939
  },
  "PBS2": {
    "mode": "4-exp",
    "t1": 7.999999999999799e-05,
    "t2": 0.00020461615328459614,
    "t3": 0.0005787419482682159,
    "t4": 0.0040680872535431315
  },
  "PCS2": {
    "mode": "4-exp",
    "t1": 7.976963984098976e-05,
    "t2": 0.0002016667552592062,
    "t3": 0.00039194990777035774,
    "t4": 0.0033688357878142866
  },
  "PDS2": {
    "mode": "4-exp",
    "t1": 4.835065872461719e-05,
    "t2": 0.0007391532857435508,
    "t3": 0.000664874992747908,
    "t4": 0.0005977112905754035
  },
  "PES2": {
    "mode": "4-exp",
    "t1": 7.966402129854506e-05,
    "t2": 0.00023325564757999367,
    "t3": 0.0002467697962305989,
    "t4": 0.0018253933963625214
  },
  "PFS2": {
    "mode": "4-exp",
    "t1": 7.965512840793813e-05,
    "t2": 0.00022779993631912444,
    "t3": 0.00024729493503560613,
    "t4": 0.002419418587973131
  }
}