{
  "PBS1": {
    "mode": "4-exp",
    "t1": 4.933114509597866e-05,
    "t2": 0.0007096852806864923,
    "t3": 0.0006432067220284839,
    "t4": 0.0006407570285511393
  },
  "PCS1": {
    "mode": "4-exp",
    "t1": 4.709102260714651e-05,
    "t2": 0.0005949071814274862,
    "t3": 0.0007719440964415444,
    "t4": 0.0027015529380361807
  },
  "PDS1": {
    "mode": "4-exp",
    "t1": 6.181912519469115e-05,
    "t2": 0.0006366396810817256,
    "t3": 0.0006391856558318518,
    "t4": 0.0006926170768784688
  },
  "PES1": {
    "mode": "4-exp",
    "t1": 6.886376858309553e-05,
    "t2": 0.00039264896464376325,
    "t3": 0.0004531902994808649,
    "t4": 0.00040788380685831665
  },
  "PFS1": {
    "mode": "4-exp",
    "t1": 5.761115856971005e-05,
    "t2": 0.0004973930126013908,
    "t3": 0.0005295489451956899,
    "t4": 0.0005017868981103255
  },
  "PBS2": {
    "mode": "4-exp",
    "t1": 6.621388408902769e-05,
    "t2": 0.0005215990822956595,
    "t3": 0.0005266079453935812,
    "t4": 0.0009332730702765682
  },
  "PCS2": {
    "mode": "4-exp",
    "t1": 7.161171164489036e-05,
    "t2": 0.00022788725991838157,
    "t3": 0.00022835551934895286,
    "t4": 0.0013366056810703965
  },
  "PDS2": {
    "mode": "4-exp",
    "t1": 4.794088900753241e-05,
    "t2": 0.0006799151637806315,
    "t3": 0.0006761948802585191,
    "t4": 0.000679840420021779
  },
  "PFS2": {
    "mode": "4-exp",
    "t1": 5.7564776499923314e-05,
    "t2": 0.0004708002950688016,
    "t3": 0.0005048849678766411,
    "t4": 0.0005032074029213629
  }
}