{
  "PAS1": {
    "mode": "4-exp",
    "t1": 7.528382627179116e-05,
    "t2": 0.0009338874736870013,
    "t3": 0.0009688435677496285,
    "t4": 0.0009571362295308902
  },
  "PBS1": {
    "mode": "4-exp",
    "t1": 6.013896514048593e-05,
    "t2": 0.0010132207539218167,
    "t3": 0.0010469496413423797,
    "t4": 0.0010011941972990174
  },
  "PCS1": {
    "mode": "4-exp",
    "t1": 7.667069629242668e-05,
    "t2": 0.0008733663051790007,
    "t3": 0.0008379576278685345,
    "t4": 0.0014553271755397544
  },
  "PDS1": {
    "mode": "4-exp",
    "t1": 7.999999999999999e-05,
    "t2": 0.0008432373765810127,
    "t3": 0.00021178144345557207,
    "t4": 0.0042224423187569434
  },
  "PES1": {
    "mode": "4-exp",
    "t1": 5.7510709116030906e-05,
    "t2": 0.0008479966951947599,
    "t3": 0.0003841181473566742,
    "t4": 0.004585926817127945
  },
  "PFS1": {
    "mode": "4-exp",
    "t1": 6.642731818062583e-05,
    "t2": 0.0010268344704840492,
    "t3": 0.00135356219792939,
    "t4": 0.0010958110233713278
  },
  "PAS2": {
    "mode": "4-exp",
    "t1": 4.60745867830475e-05,
    "t2": 0.0008684822047185565,
    "t3": 8.400000000000002e-05,
    "t4": 0.004681354591846726
  },
  "PBS2": {
    "mode": "4-exp",
    "t1": 7.632854202186004e-05,
    "t2": 0.0007612060414843734,
    "t3": 0.0008429988647737816,
    "t4": 0.001768277751477701
  },
  "PCS2": {
    "mode": "4-exp",
    "t1": 6.843603303200882e-05,
    "t2": 0.0007935678273086239,
    "t3": 0.0008313707053104422,
    "t4": 0.001505496054790741
  },
  "PDS2": {
    "mode": "4-exp",
    "t1": 7.985820124221939e-05,
    "t2": 0.0007331883622192187,
    "t3": 0.0007362878675597817,
    "t4": 0.002640715694834704
  },
  "PES2": {
    "mode": "4-exp",
    "t1": 6.9206689003464e-05,
    "t2": 9.833942549028058e-05,
    "t3": 0.0008792542111564944,
    "t4": 0.005078352274407877
  },
  "PFS2": {
    "mode": "4-exp",
    "t1": 7.99354362808238e-05,
    "t2": 0.00012238576216914098,
    "t3": 0.000849721207553167,
    "t4": 0.00380008351451541
  }
}