{
  "PAS1": {
    "mode": "4-exp",
    "t1": 5.6779088316782754e-05,
    "t2": 0.0006046366857339565,
    "t3": 0.000623122923304373,
    "t4": 0.0006039292582519152
  },
  "PBS1": {
    "mode": "4-exp",
    "t1": 6.66763372166317e-05,
    "t2": 0.0005781563166505387,
    "t3": 0.0017120521639913406,
    "t4": 0.0006453289406276023
  },
  "PCS1": {
    "mode": "4-exp",
    "t1": 7.999999999999999e-05,
    "t2": 0.00021332658230416348,
    "t3": 0.001464540178909656,
    "t4": 0.0014623467920478407
  },
  "PDS1": {
    "mode": "4-exp",
    "t1": 6.468763532081985e-05,
    "t2": 0.0004949729499731594,
    "t3": 0.0004964683777733392,
    "t4": 0.000564758236100588
  },
  "PES1": {
    "mode": "4-exp",
    "t1": 7.365452268829306e-05,
    "t2": 0.0005959835964329441,
    "t3": 0.0005314163925781733,
    "t4": 0.0007985465048206712
  },
  "PFS1": {
    "mode": "4-exp",
    "t1": 7.243542872935801e-05,
    "t2": 0.00025013553032053604,
    "t3": 0.0015064491601102753,
    "t4": 0.0014967527486101787
  },
  "PAS2": {
    "mode": "4-exp",
    "t1": 5.9789591319621834e-05,
    "t2": 0.0004875778757480706,
    "t3": 0.00045919724135915743,
    "t4": 0.0005556135028216584
  },
  "PBS2": {
    "mode": "4-exp",
    "t1": 6.837820735229281e-05,
    "t2": 0.0003673102311055885,
    "t3": 0.000312847324681657,
    "t4": 0.0008643960070573695
  },
  "PDS2": {
    "mode": "4-exp",
    "t1": 7.99860856778914e-05,
    "t2": 0.00021188309513165064,
    "t3": 0.0005933819334282072,
    "t4": 0.008588520094105337
  },
  "PES2": {
    "mode": "4-exp",
    "t1": 7.984828303973386e-05,
    "t2": 0.00022877771661679048,
    "t3": 0.00019253851959320092,
    "t4": 0.0009886628187817951
  },
  "PFS2": {
    "mode": "4-exp",
    "t1": 6.604850041157631e-05,
    "t2": 0.00042850687384662277,
    "t3": 0.00045358945145300287,
    "t4": 0.000388063681140774
  }
}