{
  "PAS1": {
    "mode": "4-exp",
    "t1": 4.854502687267539e-05,
    "t2": 0.0005762802554870732,
    "t3": 0.0006143247122953117,
    "t4": 0.002146492709785614
  },
  "PBS1": {
    "mode": "4-exp",
    "t1": 7.999999999999999e-05,
    "t2": 0.0002948411224285863,
    "t3": 0.00030997277947320353,
    "t4": 0.0025242391776133435
  },
  "PCS1": {
    "mode": "4-exp",
    "t1": 4.407395062657012e-05,
    "t2": 0.0004689521607564075,
    "t3": 0.0004617047576549636,
    "t4": 0.0014844305401696904
  },
  "PDS1": {
    "mode": "4-exp",
    "t1": 7.999999999999999e-05,
    "t2": 0.00106795806094401,
    "t3": 0.00021303687089229467,
    "t4": 0.009895265408929228
  },
  "PES1": {
    "mode": "4-exp",
    "t1": 3.2676893746556516e-05,
    "t2": 0.0005865390233440184,
    "t3": 0.0005784671855516486,
    "t4": 0.0018525145601537148
  },
  "PFS1": {
    "mode": "4-exp",
    "t1": 6.240470089330753e-05,
    "t2": 0.0004074674889149902,
    "t3": 0.0005307475636062961,
    "t4": 0.0013158917773438878
  },
  "PAS2": {
    "mode": "4-exp",
    "t1": 7.992472544517202e-05,
    "t2": 0.000477814235876166,
    "t3": 0.00016017045015531594,
    "t4": 0.0046280616156340266
  },
  "PBS2": {
    "mode": "4-exp",
    "t1": 5.282511930339678e-05,
    "t2": 0.0005704711703900423,
    "t3": 0.000595977106655532,
    "t4": 0.0014354000185066342
  },
  "PCS2": {
    "mode": "4-exp",
    "t1": 7.999999999994441e-05,
    "t2": 0.00021172014441268256,
    "t3": 0.00011660025998643138,
    "t4": 0.0018206992798773902
  },
  "PDS2": {
    "mode": "4-exp",
    "t1": 7.72995646293435e-05,
    "t2": 0.0012739109191766261,
    "t3": 0.001277433127342462,
    "t4": 0.0014124544002912806
  },
  "PES2": {
    "mode": "4-exp",
    "t1": 7.999999999999999e-05,
    "t2": 0.0006429966155610409,
    "t3": 0.00016414336594548312,
    "t4": 0.001430153706568569
  }
}